Material,Material Description,Work center,Standard Value,AREA
2368169776AE,68169776AE  SET REAR ROOF LIGHT,MX_ASM01,38.34,ASSEMBLY
2368565397AB,68565397AB SET FRONT ROOF LIGHT H3,MX_ASM01,50,ASSEMBLY
23F05744700E,68232472AE  SET FRONT ROOF LIGHT H1,MX_ASM01,50,ASSEMBLY
23F05744800E,68232473AE  SET FRONT ROOF LIGHT H2,MX_ASM01,50,ASSEMBLY
230F20544000,68206450AA SIDE MARKER FRONT RH UF SEDAN,MX_ASM01,32,ASSEMBLY
230F20545000,68206449AA SIDE MARKER FRONT LH UF SEDAN,MX_ASM01,32,ASSEMBLY
230F20546000,68194896AA REAR SIDE REFLEX RH UF SEDAN,MX_ASM01,30,ASSEMBLY
230F20547000,68194897AA REAR SIDE REFLEX LH UF SEDAN,MX_ASM01,30,ASSEMBLY
2368565397AA,[Obsoleto] 68565397AA SET FRONT ROOF H3,MX_ASM01,40,ASSEMBLY
230F05744700,68232472AD  SET FRONT ROOF LIGHT H1,MX_ASM01,40,ASSEMBLY
230F05744800,68232473AD  SET FRONT ROOF LIGHT H2,MX_ASM01,40,ASSEMBLY
230F03549000,68169776AD  761137AA- SET REAR ROOF LIGH,MX_ASM01,34,ASSEMBLY
230F02249000,SIDE REPEATER GOLF  VW 370 LH,MX_ASM03,76.5,ASSEMBLY
230F02250000,SIDE REPEATER GOLF  VW 370 RH,MX_ASM03,76.5,ASSEMBLY
23F02221000C,764423 S REPEATER MAGNA XTS LH CHINA,MX_ASM03,54,ASSEMBLY
23F02222000C,764422 S REPEATER MAGNA XTS RH CHINA,MX_ASM03,54,ASSEMBLY
230F02221000,764423 SIDE REPEATER MAGNA XTS LH,MX_ASM03,54,ASSEMBLY
230F02222000,764422 SIDE REPEATER MAGNA XTS RH,MX_ASM03,54,ASSEMBLY
230F02249001,SIDE REPEATER GOLF VW 370 LH REFACCION,MX_ASM03,76.5,ASSEMBLY
230F02250001,SIDE REPEATER GOLF VW 370 RH REFACCION,MX_ASM03,76.5,ASSEMBLY
230F02249005,SIDE REPEATER GOLF VW 370 LH REFACCION,MX_ASM03,76.5,ASSEMBLY
230F02250005,SIDE REPEATER GOLF VW 370 RH REFACCION,MX_ASM03,76.5,ASSEMBLY
230F11338000,68154574AA CATAD DX POST.FIAT 500,MX_ASM05,12,ASSEMBLY
230F11339000,68154575AA CATAD SX POST.FIAT 500,MX_ASM05,12,ASSEMBLY
230F20524000,SIDE MARKER ANT.DX CHRYSLER 500,MX_ASM05,25,ASSEMBLY
230F20525000,SM ANT.SX CHRYSLER 500,MX_ASM05,25,ASSEMBLY
230F20524500,SIDE MARKER  VIPER TRASERO LH ROJO,MX_ASM05,25,ASSEMBLY
230F20525500,SIDE MARKER  VIPER TRASERO RH ROJO,MX_ASM05,25,ASSEMBLY
230F20524600,SIDE MARKER ANT.DX S/LAMP ALFA4C,MX_ASM05,25,ASSEMBLY
230F20525600,SIDE MARKER ANT.SX S/LAMP ALFA4C,MX_ASM05,25,ASSEMBLY
230F20524700,SM.VIPER DELANTERO ECE RH NARANJA,MX_ASM05,25,ASSEMBLY
230F20525700,68194269AB SM.VIPER DELANTERO ECE LH NAR,MX_ASM05,25,ASSEMBLY
230F20526000,S. M.P .DX CHRYSLER 500 USA,MX_ASM05,25,ASSEMBLY
230F20527000,S. M.P .SX CHRYSLER 500 USA,MX_ASM05,25,ASSEMBLY
230F20526500,S.M.P.DX CHRYSLER 500 ECE,MX_ASM05,25,ASSEMBLY
230F20527500,S.M.P.SX CHRYSLER 500 ECE,MX_ASM05,25,ASSEMBLY
230F20526600,S. M.P.DX ORANGE S/LAMP.ALFA4-ECE,MX_ASM05,25,ASSEMBLY
230F20527600,S. M.P.SX ORANGE S/LAMP.ALFA4-ECE,MX_ASM05,25,ASSEMBLY
230F20528000,S.M.P.DX CHRYSLER 500 USA SPORT,MX_ASM05,25,ASSEMBLY
230F20529000,S.M.P.SX CHRYSLER 500 USA SPORT,MX_ASM05,25,ASSEMBLY
230F20528500,S.M.P.DX CHRYSLER 500 ECE SPORT,MX_ASM05,25,ASSEMBLY
230F20529500,S.M.P.SX CHRYSLER 500 ECE SPORT,MX_ASM05,25,ASSEMBLY
23F20524000M,SM ANT. CHRYS.500 RH/MASERATI,MX_ASM05,25,ASSEMBLY
23F20525000M,SM ANT.SX CHRYSLER 500,MX_ASM05,25,ASSEMBLY
23F20526000M,S. M.P .DX CHRYSLER 500 USA,MX_ASM05,25,ASSEMBLY
23F20527000M,SMP CHRY.500POP/LOU.RED USA LH,MX_ASM05,25,ASSEMBLY
230F04667000,5MA21RXFAC  SET LUZ DE PLACA DUCATO,MX_ASM06,150,ASSEMBLY
237DV45RXFAD,7DV45RXFAD ADAPTOR 2/CAM H1 - 118 Gentex,MX_ASM07,450,ASSEMBLY
237DV46RXFAD,7DV46RXFAD ADAPTOR 1/CAM H2 - 136 Base,MX_ASM07,360,ASSEMBLY
237DX24RXFAC,7DX24RXFAC ADAPTOR 2 CAM - Camera 360,MX_ASM07,450,ASSEMBLY
237DX39RXFAC,7DX39RXFAC ADAPTOR 1 CAM - Camera 360,MX_ASM07,360,ASSEMBLY
237EG24RXFAD,7EG24RXFAD ADAPTOR 2/CAM H2 - 136 Gentex,MX_ASM07,450,ASSEMBLY
237EG32RXFAD,7EG32RXFAD ADAPTOR 1/CAM H2 - 159 Base,MX_ASM07,360,ASSEMBLY
237EG33RXFAD,7EG33RXFAD ADAPTOR 1/CAM H1 - 118 Base,MX_ASM07,360,ASSEMBLY
237EH47RXFAD,7EH47RXFAD ADAPTOR 2/CAM H2 - 159 Gentex,MX_ASM07,450,ASSEMBLY
237KM71RXFAC,7KM71RXFAC ADAPTOR 1/CAM H3,MX_ASM07,360,ASSEMBLY
237KP79RXFAC,7KP79RXFAC ADAPTOR 2/CAM H3,MX_ASM07,450,ASSEMBLY
230F03545700,6RZ03RXFAB CONJUNTO ADAPT VERNAFTA C/CAM,MX_ASM07,480,ASSEMBLY
230F03545800,6RZ04RXFAB CONJUNTO ADAPT VERNAFTA C/CAM,MX_ASM07,480,ASSEMBLY
230F03545900,7AA00RXFAA - VF PR BACKUP CAMERA LOW H1,MX_ASM07,480,ASSEMBLY
230F03545950,7AA01RXFAA - VF PR BACKUP CAMERA HIGH H2,MX_ASM07,480,ASSEMBLY
237DV45RXFAA,[Obsoleto] 7DV45RXFAA Bezel h1 wdrvm wdy,MX_ASM07,480,ASSEMBLY
237DV45RXFAB,[Obsoleto] 7DV45RXFAB  2 CAM H1 - 118,MX_ASM07,600,ASSEMBLY
237DV45RXFAC,[Obsoleto] 7DV45RXFAC  2 CAM H1 - 118,MX_ASM07,450,ASSEMBLY
237DV46RXFAA,[Obsoleto] 7DV46RXFAA 1 CAM H2 - 136,MX_ASM07,480,ASSEMBLY
237DV46RXFAB,[Obsoleto] 7DV46RXFAB 1 CAM H2 - 136,MX_ASM07,480,ASSEMBLY
237DV46RXFAC,[Obsoleto] 7DV46RXFAC 1 CAM H2 - 136,MX_ASM07,360,ASSEMBLY
237DX24RXFAA,[Obsoleto] 7DX24RXFAA Bezel drvm and 360,MX_ASM07,480,ASSEMBLY
237DX24RXFAB,[Obsoleto] 7DX24RXFAB 2CAM 360 -Cam360,MX_ASM07,450,ASSEMBLY
237DX39RXFAA,[Obsoleto] 7DX39RXFAA Bezel w 360 camera,MX_ASM07,480,ASSEMBLY
237DX39RXFAB,[Obsoleto] 7DX39RXFAB  1 CAM -Camera 360,MX_ASM07,360,ASSEMBLY
237EG24RXFAA,[Obsoleto] 7EG24RXFAA 2 CAM H2 - 136,MX_ASM07,480,ASSEMBLY
237EG24RXFAB,[Obsoleto] 7EG24RXFAB 2 CAM H2 - 136,MX_ASM07,600,ASSEMBLY
237EG24RXFAC,[Obsoleto] 7EG24RXFAC  2/CAM H2 - 136,MX_ASM07,450,ASSEMBLY
237EG32RXFAA,[Obsoleto] 7EG32RXFAA  1 CAM H2 - 159,MX_ASM07,480,ASSEMBLY
237EG32RXFAB,[Obsoleto] 7EG32RXFAB  1 CAM H2 - 159,MX_ASM07,480,ASSEMBLY
237EG32RXFAC,[Obsoleto] 7EG32RXFAC 1/CAM H2 -159 Base,MX_ASM07,360,ASSEMBLY
237EG33RXFAA,[Obsoleto] 7EG33RXFAA 1 CAM H1 - 118,MX_ASM07,480,ASSEMBLY
237EG33RXFAB,[Obsoleto] 7EG33RXFAB 1 CAM H1 - 118,MX_ASM07,480,ASSEMBLY
237EG33RXFAC,[Obsoleto] 7EG33RXFAC 1/CAM H1 - 118 Bas,MX_ASM07,360,ASSEMBLY
237EH47RXFAA,[Obsoleto] 7EH47RXFAA 2 CAM H2 - 159,MX_ASM07,480,ASSEMBLY
237EH47RXFAB,[Obsoleto] 7EH47RXFAB 2 CAM H2 - 159,MX_ASM07,600,ASSEMBLY
237EH47RXFAC,[Obsoleto] 7EH47RXFAC 2/CAM H2 - 159,MX_ASM07,450,ASSEMBLY
237KM71RXFAA,[Obsoleto] 7KM71RXFAA ADAPTOR 1/CAM H3,MX_ASM07,450,ASSEMBLY
237KM71RXFAB,[Obsoleto] 7KM71RXFAB ADAPTOR 1/CAM H3,MX_ASM07,360,ASSEMBLY
237KP79RXFAA,[Obsoleto] 7KP79RXFAA ADAPTOR 2/CAM H3,MX_ASM07,562.5,ASSEMBLY
237KP79RXFAB,[Obsoleto] 7KP79RXFAB  2/CAM H3,MX_ASM07,450,ASSEMBLY
230F05751000,TRIM BEZEL  VW 411 LH,MX_ASM09,75,ASSEMBLY
230F05752000,TRIM BEZEL  VW 411 RH,MX_ASM09,75,ASSEMBLY
230F11377000,33555-TBAA-A010-M1 REAR R HONDA CIVIC LH,MX_ASM09,24,ASSEMBLY
230F11378000,33505-TBAA-A010-M1 REAR R HONDA CIVIC RH,MX_ASM09,24,ASSEMBLY
230F20559000,FRONT SIDE MARKER CIVIC LH,MX_ASM09,42,ASSEMBLY
230F20560000,FRONT SIDE MARKER CIVIC RH,MX_ASM09,42,ASSEMBLY
230F05751001,TRIM BEZEL  VW 411 LH REFACCION,MX_ASM09,75,ASSEMBLY
230F05752001,TRIM BEZEL  VW 411 RH REFACCION,MX_ASM09,75,ASSEMBLY
230F20559001,33850-TBA-A02  FRONT S MARKER LH REFAC,MX_ASM09,36,ASSEMBLY
230F20560001,33800-TBA-A02 KER FRONT S MARKER RH REFA,MX_ASM09,36,ASSEMBLY
230F11377001,33555-TBA-A01 REAR R HONDA CIVIC LH REFA,MX_ASM09,24,ASSEMBLY
230F11378001,33505-TBA-A01 REAR R HONDA CIVIC RH REFA,MX_ASM09,24,ASSEMBLY
230F03629001,5GM945095C TLAMP VW372 LH T1 ECE BAS REF,MX_ASM10,448,ASSEMBLY
230F03629501,5GM945095E TLAMP VW372 LH T1 SAE REF,MX_ASM10,448,ASSEMBLY
230F03629601,5GM945095D TLAMP VW372 LH T1ECE DARK REF,MX_ASM10,448,ASSEMBLY
230F03630001,5GM945096C TLAMP VW372 RH T1 ECE BAS REF,MX_ASM10,448,ASSEMBLY
230F03630501,5GM945096E TLAMP VW372 RH T1 SAE REF,MX_ASM10,448,ASSEMBLY
230F03630601,5GM945096D TLAMP VW372 RH T1ECE DARK REF,MX_ASM10,448,ASSEMBLY
230F03631501,5GM945093E TLAMP VW372 LH T2 SAE REF,MX_ASM10,448,ASSEMBLY
230F03631701,5GM945093H TL VW372 LH T2 ECE DARK REF,MX_ASM10,448,ASSEMBLY
230F03631801,5GM945093G TL VW372 LH T2 ECE BASE REF,MX_ASM10,448,ASSEMBLY
230F03632601,5GM945094D TLAMP VW372 RH T2 SAE REF,MX_ASM10,448,ASSEMBLY
230F03632701,5GM945094H TL VW372 RH T2 ECE DARK REF,MX_ASM10,448,ASSEMBLY
230F03632801,5GM945094G TL VW372 RH T2 ECE BASE REF,MX_ASM10,448,ASSEMBLY
230F03667501,TAIL LIGHT LH VW416 HIGH T1 SAE REF,MX_ASM11,420,ASSEMBLY
230F03668501,TAIL LIGHT RH VW416 HIGH T1 SAE REF,MX_ASM11,420,ASSEMBLY
230F03671001,TAIL LIGHT LH VW416 LOW T1 ECE REF,MX_ASM11,420,ASSEMBLY
230F03672001,TAIL LIGHT RH VW416 LOW T1 ECE REF,MX_ASM11,420,ASSEMBLY
230F03671501,TAIL LIGHT LH VW416 LOW T1 SAE REF,MX_ASM11,420,ASSEMBLY
230F03672501,TAIL LIGHT RH VW416 LOW T1 SAE REF,MX_ASM11,420,ASSEMBLY
230F03669501,TAIL LIGHT LH VW416 HIGH T2 SAE REF,MX_ASM12,360,ASSEMBLY
230F03670501,TAIL LIGHT RH VW416 HIGH T2 SAE REF,MX_ASM12,360,ASSEMBLY
230F03673001,TAIL LIGHT LH VW416 LOW T2 ECE REF,MX_ASM12,360,ASSEMBLY
230F03674001,TAIL LIGHT RH VW416 LOW T2 ECE REF,MX_ASM12,360,ASSEMBLY
230F03673501,TAIL LIGHT LH VW416 LOW T2 SAE REF,MX_ASM12,360,ASSEMBLY
230F03674501,TAIL LIGHT RH VW416 LOW T2 SAE REF,MX_ASM12,360,ASSEMBLY
230F03660000,265505NS0A RLAMP RH NISSAN P71A T1 ECE,MX_ASM13,468,ASSEMBLY
230F03661000,265555NS0A RLAMP LH NISSAN P71A T1 ECE,MX_ASM13,468,ASSEMBLY
230F03660300,26550 9CM0B RL RH T1 ECE CCC BLACK P71A,MX_ASM13,540,ASSEMBLY
230F03661300,26555 9CM0B RL LH T1 ECE CCC BLACK P71A,MX_ASM13,540,ASSEMBLY
230F03660500,265505NA0A RLAMP RH NISSAN P71A T1 SAE,MX_ASM13,468,ASSEMBLY
230F03661500,265555NA0A RLAMP LH NISSAN P71A T1 SAE,MX_ASM13,468,ASSEMBLY
230F03660600,265505NN0A RLAMP RH NISSAN P71A T1 PRC,MX_ASM13,468,ASSEMBLY
230F03661600,265555NN0A RLAMP LH NISSAN P71A T1 PRC,MX_ASM13,468,ASSEMBLY
230F03660700,26550 9CM0A RLAMP RH T1 SAE BLACK P71A,MX_ASM13,468,ASSEMBLY
230F03661700,26555 9CM0A RLAMP LH T1 SAE BLACK P71A,MX_ASM13,540,ASSEMBLY
230F03662000,265505NS1A RLAMP RH NISSAN P71A T2 ECE,MX_ASM13,385,ASSEMBLY
230F03663000,265555NS1A RLAMP LH NISSAN P71A T2 ECE,MX_ASM13,385,ASSEMBLY
230F03662300,26550 9CM1B RL RH T2 ECE CCC BLACK P71A,MX_ASM13,385,ASSEMBLY
230F03663300,26555 9CM1B RL LH T2 ECE CCC BLACK P71A,MX_ASM13,385,ASSEMBLY
230F03662500,265505NA1A RLAMP RH NISSAN P71A T2 SAE,MX_ASM13,385,ASSEMBLY
230F03663500,265555NA1A RLAMP LH NISSAN P71A T2 SAE,MX_ASM13,385,ASSEMBLY
230F03662600,265505NN1A RLAMP RH NISSAN P71A T2 PRC,MX_ASM13,385,ASSEMBLY
230F03663600,265555NN1A RLAMP LH NISSAN P71A T2 PRC,MX_ASM13,385,ASSEMBLY
230F03662700,26550 9CM1A RLAMP RH T2 SAE BLACK P71A,MX_ASM13,385,ASSEMBLY
230F03663700,26555 9CM1A RLAMP LH T2 SAE BLACK P71A,MX_ASM13,385,ASSEMBLY
230F03824000,26550 5VJ0A REAR LAMP N71A T1 RH ECE,MX_ASM13,504,ASSEMBLY
230F03825000,26555 5VJ0A REAR LAMP N71A T1 LH ECE,MX_ASM13,504,ASSEMBLY
230F03824500,26550 5VG0A REAR LAMP N71A T1 RH SAE,MX_ASM13,504,ASSEMBLY
230F03825500,26555 5VG0A REAR LAMP N71A T1 LH SAE,MX_ASM13,504,ASSEMBLY
230F03826500,26550 5VG1A REAR LAMP N71A T2 RH SAE/ECE,MX_ASM13,385,ASSEMBLY
230F03827500,26555 5VG1A REAR LAMP N71A T2 LH SAE/ECE,MX_ASM13,385,ASSEMBLY
230S03660025,SUBASSY WELDED  - T1 RH ECE P71A,MX_ASM13,288,ASSEMBLY
230S03660325,SUBASSY WELDED  - T1 RH ECE Black P71A,MX_ASM13,288,ASSEMBLY
230S03660525,SUBASSY WELDED  - T1 RH SAE P71A,MX_ASM13,288,ASSEMBLY
230S03660625,SUBASSY WELDED  - T1 RH PRC P71A,MX_ASM13,288,ASSEMBLY
230S03660725,SUBASSY WELDED  - T1 RH SAE Black P71A,MX_ASM13,288,ASSEMBLY
230S03661025,SUBASSY WELDED  - T1 LH ECE P71A,MX_ASM13,288,ASSEMBLY
230S03661325,SUBASSY WELDED  - T1 LH ECE Black P71A,MX_ASM13,288,ASSEMBLY
230S03661525,SUBASSY WELDED  - T1 LH SAE P71A,MX_ASM13,288,ASSEMBLY
230S03661625,SUBASSY WELDED  - T1 LH PRC P71A,MX_ASM13,288,ASSEMBLY
230S03661725,SUBASSY WELDED  - T1 LH SAE Black P71A,MX_ASM13,288,ASSEMBLY
230S03662025,SUBASSY WELDED  - T2 RH ECE P71A,MX_ASM13,216,ASSEMBLY
230S03662325,SUBASSY WELDED  - T2 RH ECE Black P71A,MX_ASM13,216,ASSEMBLY
230S03662525,SUBASSY WELDED  - T2 RH SAE P71A,MX_ASM13,216,ASSEMBLY
230S03662625,SUBASSY WELDED  - T2 RH PRC P71A,MX_ASM13,216,ASSEMBLY
230S03662725,SUBASSY WELDED  - T2 RH SAE Black P71A,MX_ASM13,216,ASSEMBLY
230S03663025,SUBASSY WELDED  - T2 LH ECE P71A,MX_ASM13,216,ASSEMBLY
230S03663325,SUBASSY WELDED  - T2 LH ECE Black P71A,MX_ASM13,216,ASSEMBLY
230S03663525,SUBASSY WELDED  - T2 LH SAE P71A,MX_ASM13,216,ASSEMBLY
230S03663625,SUBASSY WELDED  - T2 LH PRC P71A,MX_ASM13,216,ASSEMBLY
230S03663725,SUBASSY WELDED  - T2 LH SAE Black P71A,MX_ASM13,216,ASSEMBLY
230S03824000,SUBASSY WELDED  - T1 RH ECE N71A,MX_ASM13,451,ASSEMBLY
230S03824500,SUBASSY WELDED  - T1 RH SAE N71A,MX_ASM13,451,ASSEMBLY
230S03825000,SUBASSY WELDED  - T1 LH ECE N71A,MX_ASM13,451,ASSEMBLY
230S03825500,SUBASSY WELDED  - T1 LH SAE N71A,MX_ASM13,451,ASSEMBLY
230S03826500,SUBASSY WELDED  - T2 RH N71A,MX_ASM13,216,ASSEMBLY
230S03827500,SUBASSY WELDED  - T2 LH N71A,MX_ASM13,216,ASSEMBLY
230F03757900,561945076N SET R LAMP VW411T2 W/ FOG ECE,MX_ASM14,0,ASSEMBLY
230F03757901,561945076M SET R LAMP VW411T2 NO FOG SAE,MX_ASM14,0,ASSEMBLY
230F03757000,TAIL LIGHT LH VW411 T2,MX_ASM14,432,ASSEMBLY
230F03757500,TAIL LIGHT LH VW411 T2 (W/FOG),MX_ASM14,432,ASSEMBLY
230F03758000,TAIL LIGHT RH VW411 T2,MX_ASM14,432,ASSEMBLY
230S03757025,SUBASSY WELDED  - T2 LH VW411 NO FOG,MX_ASM14,216,ASSEMBLY
230S03757525,SUBASSY WELDED  - T2 LH VW411 FOG,MX_ASM14,216,ASSEMBLY
230S03758025,SUBASSY WELDED  - T2 RH VW411,MX_ASM14,216,ASSEMBLY
230F03755900,561.945.075.R SET REAR LAMP T1 VW411,MX_ASM15,0,ASSEMBLY
230F03755000,TAIL LIGHT LH VW411 T1,MX_ASM15,504,ASSEMBLY
230F03756000,TAIL LIGHT RH VW411 T1,MX_ASM15,504,ASSEMBLY
230S03755025,SUBASSY WELDED  - T1 LH VW411,MX_ASM15,288,ASSEMBLY
230S03756025,SUBASSY WELDED  - T1 RH VW411,MX_ASM15,288,ASSEMBLY
230F03784900,3CN945075D KIT REAR LAMP T1 416 FACELIFT,MX_ASM16,0,ASSEMBLY
23F03784900E,3CN.945.075E SET R 416 FL T1 Painted Bar,MX_ASM16,0,ASSEMBLY
23F03784900G,3CN.945.075G SET RL 416 FL T1 R-LINE,MX_ASM16,0,ASSEMBLY
23F03784900H,3CN.945.075H SET 416 FL T1 R-LINE Painte,MX_ASM16,0,ASSEMBLY
23F03784900J,3CN.945.075J SET TL 416 FL T1 Chrome Bar,MX_ASM16,480,ASSEMBLY
23F03784900K,3CN.945.075K SET R 416 FL T1 Painted Bar,MX_ASM16,480,ASSEMBLY
23F03784900L,3CN.945.075L SET TL CHROMED BAR,MX_ASM16,0,ASSEMBLY
23F03784900M,3CN.945.075M SET TL CHROMED R/LINE,MX_ASM16,0,ASSEMBLY
23F03784900N,3CN.945.075N SET TL PAINTED BAR,MX_ASM16,0,ASSEMBLY
23F03784900P,3CN.945.075P SET TL PAINTED BAR R/LINE,MX_ASM16,0,ASSEMBLY
230F03784000,[SERVICIO] T LIGHT RH VW416 FACELIFT T1,MX_ASM16,455,ASSEMBLY
23F03784000E,3CN.945.096E RLAMP RH 416 FL T1 R-LINE,MX_ASM16,455,ASSEMBLY
23F03784000F,3CN.945.096F RL RH 416 FL T1 Paint  SERV,MX_ASM16,455,ASSEMBLY
23F03784000G,3CN.945.096G RL RH 416 FL T1 R-LINE Pain,MX_ASM16,455,ASSEMBLY
23F03784000H,3CN.945.096H RL RH 416 FL T1 Chrome Bar,MX_ASM16,455,ASSEMBLY
23F03784000J,3CN.945.096J RL RH 416 FL T1 Painted Bar,MX_ASM16,455,ASSEMBLY
23F03784000K,3CN.945.096K TLAMP RH CHROMED BAR,MX_ASM16,455,ASSEMBLY
23F03784000L,3CN.945.096L TLAMP RH CHROMED R/LINE,MX_ASM16,455,ASSEMBLY
23F03784000M,3CN.945.096M TLAMP RH PAINTED BAR,MX_ASM16,455,ASSEMBLY
23F03784000N,3CN.945.096N TLAMP RH PAINTED BAR R/LINE,MX_ASM16,455,ASSEMBLY
230F03785000,[SERVICIO] T LIGHT LH VW416 FACELIFT T1,MX_ASM16,455,ASSEMBLY
23F03785000E,3CN.945.095E RLAMP LH 416 FL T1 R-LINE,MX_ASM16,455,ASSEMBLY
23F03785000F,3CN.945.095F RL LH 416 FL T1 Paint  SERV,MX_ASM16,455,ASSEMBLY
23F03785000G,3CN.945.095G RL LH 416 FL T1 R-LINE Pain,MX_ASM16,455,ASSEMBLY
23F03785000H,3CN.945.095H RL LH 416 FL T1 Chrome Bar,MX_ASM16,455,ASSEMBLY
23F03785000J,3CN.945.095J RL LH 416 FL T1 Painted Bar,MX_ASM16,455,ASSEMBLY
23F03785000K,3CN.945.095K TLAMP LH CHROME BAR,MX_ASM16,455,ASSEMBLY
23F03785000L,3CN.945.095L TLAMP LH CHROMED R/LINE,MX_ASM16,455,ASSEMBLY
23F03785000M,3CN.945.095M TLAMP LH PAINTED BAR,MX_ASM16,455,ASSEMBLY
23F03785000N,3CN.945.095N TLAMP LH PAINTED BAR R/LINE,MX_ASM16,455,ASSEMBLY
23F03788900A,3CM.945.275A SET RLAMP 416C T1,MX_ASM16,0,ASSEMBLY
23F03788900B,3CM.945.275B SET REAR LAMP VW416COUPE T1,MX_ASM16,0,ASSEMBLY
23F03788900C,3CM.945.275C SET RL 416 COUPE T1 Painted,MX_ASM16,0,ASSEMBLY
23F03788900D,3CM.945.275D SET RL 416 COUPE T1 R-LINE,MX_ASM16,0,ASSEMBLY
23F03788900E,3CM.945.275E SET 416 COUPE T1 R-LINE Pai,MX_ASM16,0,ASSEMBLY
230F03788000,3CM.945.208B T LIGHT RH VW416 COUPE T1,MX_ASM16,455,ASSEMBLY
23F03788000C,3CM.945.208C RL RH 416 COUPE T1 Painted,MX_ASM16,455,ASSEMBLY
23F03788000D,3CM.945.208D RL RH 416 COUPE T1 R-LINE,MX_ASM16,455,ASSEMBLY
23F03788000E,3CM.945.208E RL RH 416 COUPE T1 R-LINE P,MX_ASM16,455,ASSEMBLY
230F03789000,3CM.945.207B T LIGHT LH VW416 COUPE T1,MX_ASM16,455,ASSEMBLY
23F03789000C,3CM.945.207C RL LH 416 COUPE T1 Painted,MX_ASM16,455,ASSEMBLY
23F03789000D,3CM.945.207D RL LH 416 COUPE T1 R-LINE,MX_ASM16,455,ASSEMBLY
23F03789000E,3CM.945.207E RL LH 416 COUPE T1 R-LINE P,MX_ASM16,455,ASSEMBLY
230S03784025,SUBASSY WELDED  - T1 RH VW416 FL,MX_ASM16,270,ASSEMBLY
230S03785025,SUBASSY WELDED  - T1 LH VW416 FL,MX_ASM16,270,ASSEMBLY
230S03788025,SUBASSY WELDED  - T1 RH VW416 COUPE,MX_ASM16,270,ASSEMBLY
230S03789025,SUBASSY WELDED  - T1 LH VW416 COUPE,MX_ASM16,270,ASSEMBLY
230F03790900,3CM.945.276 SET REAR LAMP VW416 COUPE T2,MX_ASM17,0,ASSEMBLY
230F03790000,TAIL LIGHT RH VW416 COUPE T2,MX_ASM17,315,ASSEMBLY
230F03791000,TAIL LIGHT LH VW416 COUPE T2,MX_ASM17,315,ASSEMBLY
230F03786900,3CN945076D KIT RL VW416 FL T2 NO-FOG SAE,MX_ASM17,0,ASSEMBLY
230F03786950,3CN945076E KIT RL VW416 FL T2 W/FOG ECE,MX_ASM17,0,ASSEMBLY
230F03786000,TAIL LIGHT RH VW416 FACELIFT T2 SAE/ECE,MX_ASM17,315,ASSEMBLY
230F03787000,TAIL LIGHT LH VW416 FACELIFT T2 SAE,MX_ASM17,315,ASSEMBLY
230F03787600,TAIL LIGHT LH VW416 FACELIFT T2 ECE,MX_ASM17,315,ASSEMBLY
230S03786025,SUBASSY WELDED  - T2 RH VW416 FL,MX_ASM17,135,ASSEMBLY
230S03787025,SUBASSY WELDED  - T2 LH SAE VW416 FL,MX_ASM17,135,ASSEMBLY
230S03787625,SUBASSY WELDED  - T2 LH ECE VW416 FL,MX_ASM17,135,ASSEMBLY
230S03790025,SUBASSY WELDED  - T2 RH VW416 COUPE,MX_ASM17,135,ASSEMBLY
230S03791025,SUBASSY WELDED  - T2 LH VW416 COUPE,MX_ASM17,135,ASSEMBLY
230F11368000,68110374AA REAR REFLEX RH UF SEDAN,MX_ASM18,64,ASSEMBLY
230F11369000,68110373AA  REAR REFLEX LH UF SEDAN,MX_ASM18,64,ASSEMBLY
230F11379000,33555-T7S-A010-M1- REAR REFLEX LH H SCUV,MX_ASM18,51,ASSEMBLY
230F11380000,33505-T7S-A010-M1- REAR REFLEX RH H SCUV,MX_ASM18,51,ASSEMBLY
230F11379001,33555-T7S-A01 REAR R LH HONDA SCUV REFAC,MX_ASM18,51,ASSEMBLY
230F11380001,33505-T7S-A01 REAR R RH HONDA SCUV REFAC,MX_ASM18,51,ASSEMBLY
23F03837000D,80A 945 069D REAR LAMP LH AU426PA Q5 ECE,MX_ASM19,191.43,ASSEMBLY
23F03837500E,80A 945 069E REAR LAMP LH AU426PA Q5 SAE,MX_ASM19,196.43,ASSEMBLY
23F03838000D,80A 945 070D REAR LAMP RH AU426PA Q5 ECE,MX_ASM19,191.43,ASSEMBLY
23F03838500E,80A 945 070E REAR LAMP RH AU426PA Q5 SAE,MX_ASM19,196.43,ASSEMBLY
230F03837000,[Obsoleto] 80A 945 069B RLAMP LH Q5 ECE,MX_ASM19,240,ASSEMBLY
230F03837500,[Obsoleto] 80A 945 069C RLAMP LH Q5 SAE,MX_ASM19,240,ASSEMBLY
230F03838000,[Obsoleto] 80A 945 070B RLAMP RH Q5 ECE,MX_ASM19,240,ASSEMBLY
230F03838500,[Obsoleto] 80A 945 070C RLAMP RH Q5 SAE,MX_ASM19,240,ASSEMBLY
230S03837025,[Obsoleto] SUBASSY WELDED  -  LH ECE Q5,MX_ASM19,120,ASSEMBLY
230S03837525,[Obsoleto] SUBASSY WELDED  -  LH SAE Q5,MX_ASM19,120,ASSEMBLY
230S03838025,[Obsoleto] SUBASSY WELDED  -  RH ECE Q5,MX_ASM19,120,ASSEMBLY
230S03838525,[Obsoleto] SUBASSY WELDED  -  RH SAE Q5,MX_ASM19,120,ASSEMBLY
23S03837025D,SUBASSY WELDED  - BUMPER LH ECE Q5 AUDI,MX_ASM19,102.858,ASSEMBLY
23S03837525E,SUBASSY WELDED  - BUMPER LH SAE Q5 AUDI,MX_ASM19,102.858,ASSEMBLY
23S03838025D,SUBASSY WELDED  - BUMPER RH ECE Q5 AUDI,MX_ASM19,102.858,ASSEMBLY
23S03838525E,SUBASSY WELDED  - BUMPER RH SAE Q5 AUDI,MX_ASM19,102.858,ASSEMBLY
230F03907900,11K 945 075 SET RCL VW316,MX_ASM20,0,ASSEMBLY
230F03906000,11K 945 096 RearDecklid Lamp RH T1 VW316,MX_ASM20,422.5,ASSEMBLY
230F03907000,11K 945 095 RearDecklid Lamp LH T1 VW316,MX_ASM20,422.5,ASSEMBLY
23F03908000A,11K 945 093A APPLIQUE LAMP 316 NO LOGO,MX_ASM20,845,ASSEMBLY
23F03908500A,11K 945 094A APPLIQUE LAMP 316 LIT LOGO,MX_ASM20,845,ASSEMBLY
230F03908000,[OBSOLETO] 11K 945 093 RLAMP T2 316 NO L,MX_ASM20,"1,120.00",ASSEMBLY
230F03908500,[OBSOLETO] 11K 945 094 RLAMP T2 316 LOGO,MX_ASM20,"1,120.00",ASSEMBLY
230S03906025,SA WELDED  - T1 RH VW316,MX_ASM20,260,ASSEMBLY
230S03907025,SA WELDED  - T1 LH VW316,MX_ASM20,260,ASSEMBLY
230S03908025,SA WELDED  - T2 NO-LOGO VW316,MX_ASM20,520,ASSEMBLY
230S03908425,SA LOGO VW316,MX_ASM20,65,ASSEMBLY
230S03908525,SA WELDED  - T2 LIT-LOGO VW316,MX_ASM20,520,ASSEMBLY
230S03908527,SA WELDED + LOGO  - T2 LIT-LOGO VW316,MX_ASM20,585,ASSEMBLY
233CM945307D,APP COUPE UNLIT EMBLEM 416 PA1,MX_ASM21,"1,200.00",ASSEMBLY
233CM945307G,3CM.945.307G APP COUPE LIT EMBLEM 416PA1,MX_ASM21,"1,200.00",ASSEMBLY
233CM945307H,3CM.945.307H APP COUPE R/LINE LIT 416PA1,MX_ASM21,"1,200.00",ASSEMBLY
233CN945093L,APP SUV ECE UNLIT EMBLEM 416 PA2,MX_ASM21,"1,200.00",ASSEMBLY
233CN945093N,APP SUV SAE UNLIT EMBLEM 416 PA2,MX_ASM21,"1,200.00",ASSEMBLY
233CN945093Q,APP SUV ECE R/LINE -UNLIT- 416 PA2,MX_ASM21,"1,200.00",ASSEMBLY
233CN945093R,3CN.945.093R APP SUV SAE LIT EMBLEM 416P,MX_ASM21,"1,200.00",ASSEMBLY
233CN945093S,3CN.945.093S APP SUV SAE R/LINE -LIT-PA2,MX_ASM21,"1,200.00",ASSEMBLY
233CM945307E,[Obsoleto] APP COUPE LIT EMBLEM 416 PA1,MX_ASM21,880,ASSEMBLY
233CM945307F,[Obsoleto] APP COUPE R/LINE LIT- 416 PA1,MX_ASM21,880,ASSEMBLY
233CN945093M,[Obsoleto] APP SUVSAE LIT EMBLEM 416 PA2,MX_ASM21,880,ASSEMBLY
233CN945093P,[Obsoleto] APPSUV SAE R/LINE LIT 416 PA2,MX_ASM21,880,ASSEMBLY
23S200405ABB,SA BEZEL COUPE +INNER LENS - BLACK VER,MX_ASM21,80,ASSEMBLY
23S200405ABM,SA BEZEL COUPE +INNER LENS - MTLZ VER,MX_ASM21,80,ASSEMBLY
23S200405ACB,SA BEZEL COUPE +INNER LENS - BLACK VER,MX_ASM21,80,ASSEMBLY
23S200407ABB,SA BEZEL SUV +INNER LENS - BLACK VER,MX_ASM21,80,ASSEMBLY
23S200407ABM,SA BEZEL SUV +INNER LENS - MTLZ VER,MX_ASM21,80,ASSEMBLY
23S200407ACB,SA BEZEL SUV +INNER LENS - BLACK VER,MX_ASM21,80,ASSEMBLY
23S250405ACM,SA BEZEL COUPE +INNER LENS - MTLZ VER,MX_ASM21,80,ASSEMBLY
23S250407ACM,SA BEZEL SUV +INNER LENS - MTLZ VER,MX_ASM21,80,ASSEMBLY
23S400791ABL,SA OUTER LENS COUPE LIT,MX_ASM21,120,ASSEMBLY
23S400791ABU,SA OUTER LENS COUPE UNLIT,MX_ASM21,120,ASSEMBLY
23S400793ABL,SA OUTER LENS SUV LIT,MX_ASM21,120,ASSEMBLY
23S400793ABU,SA OUTER LENS SUV UNLIT,MX_ASM21,120,ASSEMBLY
23SM945307DU,SA Welded COUPE UNLIT EMBLEM 416 PA1,MX_ASM21,840,ASSEMBLY
23SM945307EL,SA Welded COUPE LIT EMBLEM 416 PA1,MX_ASM21,640,ASSEMBLY
23SM945307FR,SA Welded COUPE R/LINE -LIT- 416 PA1,MX_ASM21,640,ASSEMBLY
23SM945307GL,SA Welded COUPE LIT EMBLEM 416 PA1,MX_ASM21,840,ASSEMBLY
23SM945307HR,SA Welded COUPE R/LINE -LIT- 416 PA1,MX_ASM21,840,ASSEMBLY
23SN945093LU,SA Welded SUV ECE UNLIT EMBLEM 416 PA2,MX_ASM21,840,ASSEMBLY
23SN945093ML,SA Welded SUV SAE LIT EMBLEM 416 PA2,MX_ASM21,640,ASSEMBLY
23SN945093NU,SA Welded SUV SAE UNLIT EMBLEM 416 PA2,MX_ASM21,840,ASSEMBLY
23SN945093PR,SA Welded SUV SAE R/LINE -LIT- 416 PA2,MX_ASM21,640,ASSEMBLY
23SN945093QR,SA Welded SUV ECE R/LINE -UNLIT- 416 PA2,MX_ASM21,840,ASSEMBLY
23SN945093RL,SA Welded SUV SAE LIT EMBLEM 416 PA2,MX_ASM21,840,ASSEMBLY
23SN945093SR,SA Welded SUV SAE R/LINE -LIT- 416 PA2,MX_ASM21,840,ASSEMBLY
2368592552AA,68592552AA TAIL LAMP RH DJ PREMIUM,MX_ASM22,260,ASSEMBLY
2368592553AA,68592553AA TAIL LAMP LH DJ PREMIUM,MX_ASM22,260,ASSEMBLY
2368592554AA,68592554AA TAIL LAMP RH DJ BASE,MX_ASM22,260,ASSEMBLY
2368592555AA,68592555AA TAIL LAMP LH DJ BASE,MX_ASM22,260,ASSEMBLY
23RCM945307D,3CM.945.307D T2 COUPE UNLIT 416PA1 REF,MX_ASMRF,240,ASSEMBLY
23RCM945307G,3CM.945.307G T2 COUPE LIT EMB 416PA1 REF,MX_ASMRF,240,ASSEMBLY
23RCM945307H,3CM.945.307H T2 COUPE R/L LIT 416PA1 REF,MX_ASMRF,240,ASSEMBLY
23RCN945093L,3CN.945.093L T2 SUV ECE UNLIT 416PA2 REF,MX_ASMRF,240,ASSEMBLY
23RCN945093N,3CN.945.093N T2 SUV SAE UNLIT 416PA2 REF,MX_ASMRF,240,ASSEMBLY
23RCN945093Q,3CN.945.093Q T2 SUV ECE R/L UNLIT 416PA2,MX_ASMRF,240,ASSEMBLY
23RCN945093R,3CN.945.093R T2 SUV SAE LIT 416PA REF,MX_ASMRF,240,ASSEMBLY
23RCN945093S,3CN.945.093S T2 SUV SAE R/L LIT 4PA2 REF,MX_ASMRF,240,ASSEMBLY
23RDV45RXFAC,7DV45RXFAC ADAPTOR 2/CAM H1 - 118 Gentex,MX_ASMRF,240,ASSEMBLY
23RDV45RXFAD,7DV45RXFAD ADAPTOR 2/CAM H1 - 118 Gentex,MX_ASMRF,240,ASSEMBLY
23RDV46RXFAC,7DV46RXFAC ADAPTOR 1/CAM H2 - 136 Base,MX_ASMRF,240,ASSEMBLY
23RDV46RXFAD,7DV46RXFAD ADAPTOR 1/CAM H2 - 136 Base,MX_ASMRF,240,ASSEMBLY
23RDX24RXFAB,7DX24RXFAB ADAPTOR 2 CAM - Camera 360,MX_ASMRF,240,ASSEMBLY
23RDX24RXFAC,7DX24RXFAC ADAPTOR 2 CAM - Camera360 REF,MX_ASMRF,240,ASSEMBLY
23RDX39RXFAB,7DX39RXFAB ADAPTOR 1 CAM - Camera 360,MX_ASMRF,240,ASSEMBLY
23RDX39RXFAC,7DX39RXFAC ADAPTOR 1 CAM - Camera360 REF,MX_ASMRF,240,ASSEMBLY
23REG24RXFAC,7EG24RXFAC ADAPTOR 2/CAM H2 - 136 Gentex,MX_ASMRF,240,ASSEMBLY
23REG24RXFAD,7EG24RXFAD ADAPTOR 2/CAM H2 - 136 Gentex,MX_ASMRF,240,ASSEMBLY
23REG32RXFAC,7EG32RXFAC ADAPTOR 1/CAM H2 - 159 Base,MX_ASMRF,240,ASSEMBLY
23REG32RXFAD,7EG32RXFAD ADAPTOR 1/CAM H2 - 159 Base,MX_ASMRF,240,ASSEMBLY
23REG33RXFAC,7EG33RXFAC ADAPTOR 1/CAM H1 - 118 Base,MX_ASMRF,240,ASSEMBLY
23REG33RXFAD,7EG33RXFAD ADAPTOR 1/CAM H1 - 118 Base,MX_ASMRF,240,ASSEMBLY
23REH47RXFAC,7EH47RXFAC ADAPTOR 2/CAM H2 - 159 Gentex,MX_ASMRF,240,ASSEMBLY
23REH47RXFAD,7EH47RXFAD ADAPTOR 2/CAM H2 - 159 Gente,MX_ASMRF,240,ASSEMBLY
23RKM71RXFAB,7KM71RXFAB ADAPTOR 1/CAM H3,MX_ASMRF,240,ASSEMBLY
23RKM71RXFAC,7KM71RXFAC ADAPTOR 1/CAM H3,MX_ASMRF,240,ASSEMBLY
23RKP79RXFAB,7KP79RXFAB ADAPTOR 2/CAM H3,MX_ASMRF,240,ASSEMBLY
23RKP79RXFAC,7KP79RXFAC ADAPTOR 2/CAM H3,MX_ASMRF,240,ASSEMBLY
23F03784001E,3CN.945.096E RL RH 416 FL T1 R-LINE REF,MX_ASMRF,240,ASSEMBLY
23F03784001F,3CN.945.096F RL RH 416 FL T1 Painted REF,MX_ASMRF,240,ASSEMBLY
23F03784001G,3CN.945.096G RL RH 416 FLT1 R-L Pain REF,MX_ASMRF,240,ASSEMBLY
23F03784001H,3CN.945.096H RL RH 416 FL T1 Chromed REF,MX_ASMRF,240,ASSEMBLY
23F03784001J,3CN.945.096J RL RH 416 FL T1 Painted REF,MX_ASMRF,240,ASSEMBLY
23F03785001E,3CN.945.095E RL LH 416 FL T1 R-LINE REF,MX_ASMRF,240,ASSEMBLY
23F03785001F,3CN.945.095F RL LH 416 FL T1 Painted REF,MX_ASMRF,240,ASSEMBLY
23F03785001G,3CN.945.095G RL LH 416 FLT1 R-L Pain REF,MX_ASMRF,240,ASSEMBLY
23F03785001H,3CN.945.095H RL LH 416 FL T1 Chrome Bar,MX_ASMRF,240,ASSEMBLY
23F03785001J,3CN.945.095J RL LH 416 FL T1 Painted Bar,MX_ASMRF,240,ASSEMBLY
23F03788001B,3CM.945.208B RLAMP RH VW416 COUPE T1 REF,MX_ASMRF,240,ASSEMBLY
23F03788001C,3CM.945.208C RL RH 416 C T1 Painted REF,MX_ASMRF,240,ASSEMBLY
23F03788001D,3CM.945.208D RL RH 416 COUPE T1 R-L REF,MX_ASMRF,240,ASSEMBLY
23F03788001E,3CM.945.208E RL RH 416 C T1 R-L Pain REF,MX_ASMRF,240,ASSEMBLY
23F03789001B,3CM.945.207B RLAMP LH VW416 COUPE T1 REF,MX_ASMRF,240,ASSEMBLY
23F03789001C,3CM.945.207C RL LH 416 C T1 Painted REF,MX_ASMRF,240,ASSEMBLY
23F03789001D,3CM.945.207D RL LH 416 COUPE T1 R-LI REF,MX_ASMRF,240,ASSEMBLY
23F03789001E,3CM.945.207E RL LH 416 C T1 R-L Pain REF,MX_ASMRF,240,ASSEMBLY
23F03908001A,11K 945 093A RLAMP T2 316 NO LOGO REF,MX_ASMRF,396,ASSEMBLY
23F03908501A,11K 945 094A RLAMP T2 316 LIT LOGO REF,MX_ASMRF,396,ASSEMBLY
230F03660090,265525NA0A RIM RH RL NISSAN P71A T1,MX_ASMRF,15,ASSEMBLY
230F03661090,265575NA0A RIM LH RL NISSAN P71A T1,MX_ASMRF,15,ASSEMBLY
230F03660001,265505NS0A  RL RH P71A NISSAN T1 ECE REF,MX_ASMRF,240,ASSEMBLY
230F03661001,265555NS0A RL LH P71A NISSAN T1 ECE REF,MX_ASMRF,240,ASSEMBLY
230F03660301,26550 9CM0B RL RH T1 ECE CCC BLACK P71A,MX_ASMRF,240,ASSEMBLY
230F03661301,26555 9CM0B RL LH T1 ECE CCC BLACK P71A,MX_ASMRF,240,ASSEMBLY
230F03660501,265505NA0A RL RH P71A NISSAN T1 SAE REF,MX_ASMRF,240,ASSEMBLY
230F03661501,265555NA0A RL LH P71A NISSAN T1 SAE REF,MX_ASMRF,240,ASSEMBLY
230F03660601,265505NN0A RL RH NISSAN P71A T1 PRC REF,MX_ASMRF,240,ASSEMBLY
230F03661601,265555NN0A RL LH NISSAN P71A T1 PRC REF,MX_ASMRF,240,ASSEMBLY
230F03660701,26550 9CM0A RLAMP RH T1 SAE BLACK P71A,MX_ASMRF,240,ASSEMBLY
230F03661701,26555 9CM0A RLAMP LH T1 SAE BLACK P71A,MX_ASMRF,240,ASSEMBLY
230F03660091,265525NA0A RIM RH RL NISSAN P71A T1 REF,MX_ASMRF,15,ASSEMBLY
230F03661091,265575NA0A RIM LH RL NISSAN P71A T1 REF,MX_ASMRF,15,ASSEMBLY
230F03662001,265505NS1A RL RH P71A NISSAN T2 ECE REF,MX_ASMRF,240,ASSEMBLY
230F03663001,265555NS1A RL LH P71A NISSAN T2 ECE REF,MX_ASMRF,240,ASSEMBLY
230F03662301,26550 9CM1B RL RH T2 ECE CCC BLACK P71A,MX_ASMRF,240,ASSEMBLY
230F03663301,26555 9CM1B RL LH T2 ECE CCC BLACK P71A,MX_ASMRF,240,ASSEMBLY
230F03662501,265505NA1A RL RH P71A NISSAN T2 SAE REF,MX_ASMRF,240,ASSEMBLY
230F03663501,265555NA1A RL LH P71A NISSAN T2 SAE REF,MX_ASMRF,240,ASSEMBLY
230F03662601,265505NN1A RL RH NISSAN P71A T2 PRC REF,MX_ASMRF,240,ASSEMBLY
230F03663601,265555NN1A RL LH NISSAN P71A T2 PRC REF,MX_ASMRF,240,ASSEMBLY
230F03662701,26550 9CM1A RLAMP RH T2 SAE BLACK P71A,MX_ASMRF,240,ASSEMBLY
230F03663701,26555 9CM1A RLAMP LH T2 SAE BLACK P71A,MX_ASMRF,240,ASSEMBLY
230F03824001,26550 5VJ0A REAR LAMP N71A T1 RH ECE,MX_ASMRF,240,ASSEMBLY
230F03825001,265555VJ0A RL N71A T1 LH ECE REF,MX_ASMRF,240,ASSEMBLY
230F03824501,26550 5VG0A REAR LAMP N71A T1 RH  REF,MX_ASMRF,240,ASSEMBLY
230F03825005,26555 5VJ0A REAR LAMP N71A T1 LH ECE REF,MX_ASMRF,240,ASSEMBLY
230F03825501,26555 5VG0A REAR LAMP N71A T1 LH REF,MX_ASMRF,240,ASSEMBLY
230F03826501,26550 5VG1A REAR LAMP N71A T2 RH REF,MX_ASMRF,240,ASSEMBLY
230F03827501,26555 5VG1A REAR LAMP N71A T2 LH REF,MX_ASMRF,240,ASSEMBLY
230F03824092,26552 5VG0A RIM N71A T1 RH SAE,MX_ASMRF,15,ASSEMBLY
230F03825092,26557 5VG0A RIM N71A T1 LH SAE,MX_ASMRF,15,ASSEMBLY
230F03824095,26552 5VG0A RIM N71A T1 RH REF,MX_ASMRF,15,ASSEMBLY
230F03825095,26557 5VG0A RIM N71A T1 LH REF,MX_ASMRF,15,ASSEMBLY
230F03755081,561.945.311.C GRAYZONE COVER LH VW411 T1,MX_ASMRF,15,ASSEMBLY
230F03756081,561.945.312.C GRAYZONE COVER RH VW411 T1,MX_ASMRF,15,ASSEMBLY
230F03755001,561-945-095-R TAIL LIGHT LH VW411 T1 REF,MX_ASMRF,240,ASSEMBLY
230F03756001,561-945-096-R TAIL LIGHT RH VW411 T1,MX_ASMRF,240,ASSEMBLY
230F03757001,561-945-093-M TAIL LIGHT LH VW411 T2,MX_ASMRF,240,ASSEMBLY
230F03757501,561-945-093-N TAIL LIGHT LH VW411 T2 ECE,MX_ASMRF,240,ASSEMBLY
230F03758001,561-945-094-M TAIL LIGHT RH VW411 T2,MX_ASMRF,240,ASSEMBLY
230F03784001,3CN.945.096D REAR LAMP RH 416 FL T1 REF,MX_ASMRF,240,ASSEMBLY
230F03785001,3CN.945.095D REAR LAMP LH 416 FL T1 REF,MX_ASMRF,240,ASSEMBLY
230F03786001,3CN.945.094D REAR LAMP RH 416 FL T2 REF,MX_ASMRF,240,ASSEMBLY
230F03787001,3CN.945.093D RLAMP LH 416 FL T2 SAE REF,MX_ASMRF,240,ASSEMBLY
230F03787601,3CN.945.093E RLAMP LH 416 FL T2 ECE REF,MX_ASMRF,240,ASSEMBLY
230F03788001,3CM.945.208A RLAMP RH VW416 COUPE T1 REF,MX_ASMRF,240,ASSEMBLY
230F03789001,3CM.945.207A RLAMP LH VW416 COUPE T1 REF,MX_ASMRF,240,ASSEMBLY
230F03790001,3CM.945.308 RLAMP RH VW416 COUPE T2 REF,MX_ASMRF,240,ASSEMBLY
230F03791001,3CM.945.307 RLAMP LH VW416 COUPE T2 REF,MX_ASMRF,240,ASSEMBLY
230F03545701,CONJ ADAP VERNAF C/CAM 6RZ03RXFAB REF H1,MX_ASMRF,240,ASSEMBLY
230F03545801,CONJ ADAP VERNAF C/CAM 6RZ04RXFAB REF H2,MX_ASMRF,240,ASSEMBLY
230F03545901,7AA00RXFAA - VF PR BACKUP CAMERA LOW H1,MX_ASMRF,240,ASSEMBLY
230F03545951,7AA01RXFAA - VF PR BACKUP CAMERA HIGH H2,MX_ASMRF,240,ASSEMBLY
230F03906001,11K 945 096 RLamp RH T1 VW316 REFACCION,MX_ASMRF,297,ASSEMBLY
230F03907001,11K 945 095 RLamp LH T1 VW316 REFACCION,MX_ASMRF,297,ASSEMBLY
230F11379031,TUERCA J CLIP REFACCION,MX_ASMRF,15,ASSEMBLY
230F69070590,33302-TBA-A01 LAMP.T.V. T10 12V 3W REFAC,MX_ASMRF,15,ASSEMBLY
2380A945221A,Bulbholder W16W black,MX_ASMRF,15,ASSEMBLY
2380A945221B,Bulbholder W16W grey,MX_ASMRF,15,ASSEMBLY
23F03629070C,PARAT ECE SX FP VW 372 MEXICO,MX_ASMRF,15,ASSEMBLY
23F03629071C,PARAT SAE SX FP VW 372 MEXICO,MX_ASMRF,15,ASSEMBLY
23F03630070C,PARAT ECE DX FP VW 372 MEXICO,MX_ASMRF,15,ASSEMBLY
23F03630071C,PARAT SAE DX FP VW 372 MEXICO,MX_ASMRF,15,ASSEMBLY
23F03631080C,PARAT ECE  SX FP VW 372 MEXICO-T2,MX_ASMRF,15,ASSEMBLY
23F03631180C,GUARNIZ LH FP VW 372 -MEXICO-T2 REFACC,MX_ASMRF,15,ASSEMBLY
23F03632080C,PARAT ECE DX FP VW 372 MEXICO-T2,MX_ASMRF,15,ASSEMBLY
23F03632180C,GASKET RH TL VW372 MEXICO T2,MX_ASMRF,15,ASSEMBLY
23F03667200A,3CN.945.191   EPDM GASKET VW416 T1 REF,MX_ASMRF,15,ASSEMBLY
23F03670051A,WATER BEZEL RH T LIGHT VW416 HIGH T2 REF,MX_ASMRF,15,ASSEMBLY
23F03671073B,WATER BEZEL LH T LIGHT VW416 T1 SAE REF,MX_ASMRF,15,ASSEMBLY
23F03671074B,WATER BEZEL LH T LIGHT W416 T1 ECE REF,MX_ASMRF,15,ASSEMBLY
23F03672073B,WATER BEZEL RH T LIGHT VW416 T1 SAE REF,MX_ASMRF,15,ASSEMBLY
23F03672074B,WATER BEZEL RH T LIGHT W416 T1 ECE REF,MX_ASMRF,15,ASSEMBLY
23F03673052A,WATER BEZEL LH T LIGHT VW416 T2 ECE REF,MX_ASMRF,15,ASSEMBLY
23F03673053A,WATER BEZEL LH T LIGHT VW416 T2 SAE REF,MX_ASMRF,15,ASSEMBLY
23F03674052A,WATER BEZEL RH TL VW416 T2 ECE / SAE REF,MX_ASMRF,15,ASSEMBLY
23F03790140B,3CM.945.395 GASKET TL VW416 COUPE T2,MX_ASMRF,12,ASSEMBLY
23F03791140B,3CM.945.396 GASKET TL VW416 COUPE T2,MX_ASMRF,12,ASSEMBLY
23F2218650-1,33303-TBA-A02 SOCKET W3W REFACCION,MX_ASMRF,15,ASSEMBLY
230F03629110,GASKET ADHESIVE LH T1 VW372 REFACCION,MX_ASMRF,15,ASSEMBLY
230F03629211,5GM.945.257A BULB HOLD ECE (WY21W) T1 LH,MX_ASMRF,15,ASSEMBLY
230F03629221,5GM.945.257B BULB HOLD SAE (WY21W) T1 LH,MX_ASMRF,15,ASSEMBLY
230F03630110,GASKET ADHESIVE RH T1 VW372 REFACCION,MX_ASMRF,15,ASSEMBLY
230F03630211,5GM.945.258A BULB HOLD ECE (WY21W) T1 RH,MX_ASMRF,15,ASSEMBLY
230F03630221,5GM.945.258B BULB HOLD SAE (WY21W) T1 RH,MX_ASMRF,15,ASSEMBLY
230F03631200,5GM.945.259A BULB HOLDER ASSY LH-T2 SAE,MX_ASMRF,15,ASSEMBLY
230F03631211,5GM.945.259C BULB HOLDER ASSY LH-T2 ECE,MX_ASMRF,15,ASSEMBLY
230F03632200,5GM.945.260A BULB HOLDER ASSY RH T2,MX_ASMRF,15,ASSEMBLY
230F03632211,BULB HOLD. ASSEMBLY  RH-T2 REFAC,MX_ASMRF,15,ASSEMBLY
230F03661155,265515NA0A HARNESS W/GROMMET RL P71A T1,MX_ASMRF,15,ASSEMBLY
230F03667260,B.HOLD WO/BULBS LH VW416 HIGH T1 REF,MX_ASMRF,15,ASSEMBLY
230F03668260,B.HOLD WO/BULBS RH VW416 HIGH T1 REF,MX_ASMRF,15,ASSEMBLY
230F03669170,EPDM GASKET VW416 T2 REF,MX_ASMRF,15,ASSEMBLY
230F03669220,B.HOLD ASSY W/BULBS LH VW416 HIGH T2 REF,MX_ASMRF,15,ASSEMBLY
230F03670220,B.HOLD ASSY W/BULBS RH VW416 HIGH T2 REF,MX_ASMRF,15,ASSEMBLY
230F03671250,BULBHOLD ASSY W/BULBS VW416 LH LOW T1 R,MX_ASMRF,15,ASSEMBLY
230F03671251,B.HOLD ASSY W/BULBS LH W416 LOW T1 ECE R,MX_ASMRF,15,ASSEMBLY
230F03672250,BULBHOLD ASSY W/BULBS RH VW416 LOW T1 R,MX_ASMRF,15,ASSEMBLY
230F03672251,B.HOLD ASSY W/BULBS RH W416 LOW T1 ECE R,MX_ASMRF,15,ASSEMBLY
230F03673210,B.HOLDER ASSY W/BULBS LH VW416 LOW T2SAE,MX_ASMRF,15,ASSEMBLY
230F03673211,B.HOLD ASSY W/BULBS LH VW416 LOW T2ECE R,MX_ASMRF,15,ASSEMBLY
230F03674210,B.HOLDER ASSY W/BULBS RH VW416 LOW T2SAE,MX_ASMRF,15,ASSEMBLY
230F03674211,B.HOLD ASSY W/BULBS RH VW416 LOW T2ECE R,MX_ASMRF,15,ASSEMBLY
230F03757080,561-945-197-D GASKET VW411 T2 SPARE PART,MX_ASMRF,15,ASSEMBLY
230F03785140,3CN-945-191-A GASKET EPDM TL VW416 FL T1,MX_ASMRF,15,ASSEMBLY
230F03787140,3CN-945-197-A - GASKET TL VW416 FL T2,MX_ASMRF,15,ASSEMBLY
230F03789140,3CM-945-139/140GASKET EPDM VW416COUPE T1,MX_ASMRF,15,ASSEMBLY
230F03791140,[Obsoleto] 3CM.945.395 GASKET 416 C T2,MX_ASMRF,12,ASSEMBLY
23SA200537AA,SA - MAIN CARRIER LH DJ PREMIUM,MX_ASMS1,130,ASSEMBLY
23SA200538AA,SA - MAIN CARRIER RH DJ PREMIUM,MX_ASMS1,130,ASSEMBLY
230SA22711AA,SA - Harness + Bulbs,MX_ASMSA,65,ASSEMBLY
2.30004E+11,HOUSING RH TL VW416 COUPE T1 W/BOLLHOFF,MX_ASMSA,35,ASSEMBLY
2.30004E+11,HOUSING LH TL VW416 COUPE T1 W/BOLLHOFF,MX_ASMSA,35,ASSEMBLY
2.30004E+11,SUB-ENS RH REFLECTOR-GUIDE UPPER-LOWER,MX_ASMSA,25,ASSEMBLY
2.30004E+11,SUB-ENS LH REFLECTOR-GUIDE UPPER-LOWER,MX_ASMSA,25,ASSEMBLY
2.30004E+11,HOUSING W/BÃ–LLHOFF LH VW416 T1,MX_ASMSA,35,ASSEMBLY
2.30004E+11,HOUSING W/BÃ–LLHOFF RH VW416 T1,MX_ASMSA,35,ASSEMBLY
2.30004E+11,BEZEL W/INNER LENS LH VW416 SAE T1 HIGH,MX_ASMSA,35,ASSEMBLY
2.30004E+11,BEZEL W/INNER LENS RH VW416 SAE T1 HIGH,MX_ASMSA,35,ASSEMBLY
2.30004E+11,BEZEL W/INNER LENS LH VW416 SAE T1 LOW,MX_ASMSA,35,ASSEMBLY
2.30004E+11,BEZEL W/INNER LENS RH VW416 SAE T1 LOW,MX_ASMSA,35,ASSEMBLY
2.30004E+11,BEZEL W/INNER LENS LH VW416 ECE T1 LOW,MX_ASMSA,35,ASSEMBLY
2.30004E+11,BEZEL W/INNER LENS RH VW416 ECE T1 LOW,MX_ASMSA,35,ASSEMBLY
23003667260E,BULBHOLDER ASSY W/BULBS LH VW416 HIGH T1,MX_ASMSA,43.8,ASSEMBLY
23003668260E,BULBHOLDER ASSY W/BULBS RH VW416 HIGH T1,MX_ASMSA,43.8,ASSEMBLY
23003671250E,BULBHOLDER ASSY W/BULBS VW416 LH LOW T1,MX_ASMSA,43.8,ASSEMBLY
23003672250E,BULBHOLDER ASSY W/BULBS VW416 RH LOW T1,MX_ASMSA,43.8,ASSEMBLY
23003671251E,BULBHOLDER W/BULBS VW416 LH LOW ECE T1,MX_ASMSA,43.8,ASSEMBLY
23003672251E,BULBHOLDER W/BULBS VW416 RH LOW ECE T1,MX_ASMSA,43.8,ASSEMBLY
2.30004E+11,HOUSING RH TL VW416 FL T1 W/BOLLHOFF,MX_ASMSA,35,INJECTION
2.30004E+11,HOUSING LH TL VW416 FL T1 W/BOLLHOFF,MX_ASMSA,35,INJECTION
230S300843AA,HOUSING LH 416FL T1 W/Bollhoff NUEVA HOM,MX_ASMSA,35,INJECTION
230S300844AA,HOUSING RH 416FL T1 W/Bollhoff NUEVA HOM,MX_ASMSA,35,INJECTION
23003837040C,REFLECTOR LH R.L. AU426PA -,MX_INY01,16,INJECTION
23003838040C,REFLECTOR RH R.L. AU426PA -,MX_INY01,16,INJECTION
2.30004E+11,STOP REFLECTOR RH TL VW416 FL T1,MX_INY01,19.25,INJECTION
2.30004E+11,STOP REFLECTOR LH TL VW416 FL T1,MX_INY01,19.25,INJECTION
23003790050A,[Obsoleto] REFLECTOR RH VW416 COUPE T2,MX_INY01,30,INJECTION
23003791050A,[Obsoleto] REFLECTOR LH VW416 COUPE T2,MX_INY01,30,INJECTION
2300800553AA,FRESNEL UPPER LH DJ PREMIUM,MX_INY02,15,INJECTION
2300800554AA,FRESNEL UPPER RH DJ PREMIUM,MX_INY02,15,INJECTION
2.30004E+11,LIGH GUIDE RH T1 VW316,MX_INY02,11.7,INJECTION
2.30004E+11,LIGH GUIDE LH T1 VW316,MX_INY02,11.7,INJECTION
2.30004E+11,SIDE REFLEX LENS  RH T1 VW316,MX_INY02,24,INJECTION
2.30004E+11,SIDE REFLEX LENS  LH T1 VW316,MX_INY02,24,INJECTION
2.30002E+11,LENS SIDE REPEATERGOLF VW 370 LH,MX_INY02,24.175,INJECTION
2.30002E+11,LENS SIDE REPEATERGOLF VW 370 RH,MX_INY02,24.175,INJECTION
23003790040B,INNER FILTER RH TL VW416 COUPE T2,MX_INY02,29.25,INJECTION
23003791040B,INNER FILTER LH TL VW416 COUPE T2,MX_INY02,29.25,INJECTION
2.30011E+11,LENS REAR REFLEX HONDA SCUV LH,MX_INY02,11.2,INJECTION
2.30011E+11,LENS REAR REFLEX HONDA SCUV RH,MX_INY02,11.2,INJECTION
2.30021E+11,LENS FRONT SIDE MARKER CIVIC LH,MX_INY02,10.3,INJECTION
2.30021E+11,LENS FRONT SIDE MARKER CIVIC RH,MX_INY02,10.3,INJECTION
2300500585AA,REFLECTOR BU LH DJ PREMIUM,MX_INY03,12.5,INJECTION
2300500586AA,REFLECTOR BU RH DJ PREMIUM,MX_INY03,12.5,INJECTION
23003784080A,WATER BEZEL RH TL VW416 FL T1,MX_INY03,16.75,INJECTION
23003785080A,WATER BEZEL LH TL VW416 FL T1,MX_INY03,16.75,INJECTION
2300100125AB,WATER BEZEL LH 416FL T1 Nueva HOMOLACION,MX_INY03,16.75,INJECTION
2300100126AB,WATER BEZEL RH 416FL T1 Nueva HOMOLACION,MX_INY03,16.75,INJECTION
23003788080A,WATER BEZEL RH TL VW416 COUPE T1,MX_INY03,22.75,INJECTION
23003789080A,WATER BEZEL LH TL VW416 COUPE T1,MX_INY03,22.75,INJECTION
23003662040E,BEZEL RH RL NISSAN P71A T2,MX_INY03,30,INJECTION
23003663040E,BEZEL LH RL NISSAN P71A T2,MX_INY03,30,INJECTION
2.30002E+11,HOUSING SIDE REPEATERGOLF VW 370 LH,MX_INY03,11.825,INJECTION
2.30002E+11,HOUSING SIDE REPEATERGOLF VW 370 RH,MX_INY03,11.825,INJECTION
23003667090C,REFLECTOR STOP EYE  LH  VW416 HIGH T1,MX_INY03,18,INJECTION
23003668090C,REFLECTOR STOP EYE RH VW416 HIGH T1,MX_INY03,18,INJECTION
23003671070B,WATER BEZEL LH VW416 H/L T1 SAE,MX_INY03,25,INJECTION
23003672070B,WATER BEZEL RH VW416 H/L T1 SAE,MX_INY03,25,INJECTION
23003671071B,WATER BEZEL LH VW416 LOW T1 ECE,MX_INY03,25,INJECTION
23003672071B,WATER BEZEL RH VW416 LOW T1 ECE,MX_INY03,25,INJECTION
23003755080A,GREAYZONE BEZEL FP. SX VW 411 T1,MX_INY03,25,INJECTION
23003756080A,GREAYZONE BEZEL FP.DX VW 411 T1,MX_INY03,25,INJECTION
230F03755080,561.945.311.C GRAYZONE COVER LH VW411 T1,MX_INY03,25,INJECTION
230F03756080,561.945.312.C GRAYZONE COVER RH VW411 T1,MX_INY03,25,INJECTION
2300100125AA,[Obsoleto] WATER BEZEL LH 416FL T1,MX_INY03,16.75,INJECTION
2300100126AA,[Obsoleto] WATER BEZEL RH 416FL T1,MX_INY03,16.75,INJECTION
23003784050A,STOP REFLECTOR RH TL VW416 FL T1,MX_INY04,19.25,INJECTION
23003785050A,STOP REFLECTOR LH TL VW416 FL T1,MX_INY04,19.25,INJECTION
23003788050A,STOP REFLECTOR RH TL VW416 COUPE T1,MX_INY04,14.5,INJECTION
23003789050A,STOP REFLECTOR LH TL VW416 COUPE T1,MX_INY04,14.5,INJECTION
23003788050B,STOP REFLECTOR RH TL VW416 COUPE T1,MX_INY04,14.5,INJECTION
23003789050B,STOP REFLECTOR LH TL VW416 COUPE T1,MX_INY04,14.5,INJECTION
23003662030D,REFLECTOR RH RL NISSAN P71A T2,MX_INY04,32.25,INJECTION
23003663030D,REFLECTOR LH RL NISSAN P71A T2,MX_INY04,32.25,INJECTION
23003824030A,REFLECTOR STOP/TURN RH RL N71A T1,MX_INY04,31.15,INJECTION
23003825030A,REFLECTOR STOP/TURN LH RL N71A T1,MX_INY04,31.15,INJECTION
23003824040A,REFLECTOR TAIL RH RL N71A T1,MX_INY04,34.25,INJECTION
23003825040A,REFLECTOR TAIL LH RL N71A T1,MX_INY04,34.25,INJECTION
23003826030A,REFLECTOR RH RL N71A T2,MX_INY04,24.95,INJECTION
23003827030A,REFLECTOR LH RL N71A T2,MX_INY04,24.95,INJECTION
2.30004E+11,REFLECTOR RH TAIL LIGHT VW416 FL T2,MX_INY04,18.5,INJECTION
2.30004E+11,REFLECTOR LH TAIL LIGHT VW416 FL T2,MX_INY04,18.5,INJECTION
23003786050A,REFLECTOR RH TAIL LIGHT VW416 FL T2,MX_INY04,18.5,INJECTION
23003787050A,REFLECTOR LH TAIL LIGHT VW416 FL T2,MX_INY04,18.5,INJECTION
23003790050B,REFLECTOR RH TL VW416 COUPE T2,MX_INY04,24.35,INJECTION
23003791050B,REFLECTOR LH TL VW416 COUPE T2,MX_INY04,24.35,INJECTION
23003790050C,REFLECTOR RH TL VW416 COUPE T2,MX_INY04,24.35,INJECTION
23003791050C,REFLECTOR LH TL VW416 COUPE T2,MX_INY04,24.35,INJECTION
23003755060C,REFLECTOR LH TAIL LIGHT VW411 T1,MX_INY04,30,INJECTION
23003756060C,REFLECTOR RH TAIL LIGHT VW411 T1,MX_INY04,30,INJECTION
23003826010A,[Obsoleto] HOUSING RH RL N71A T2,MX_INY04,40,INJECTION
23003827010A,[Obsoleto] HOUSING LH RL N71A T2,MX_INY04,40,INJECTION
23003660010I,HOUSING RH RL NISSAN P71A T1,MX_INY05,27.5,INJECTION
23003661010I,HOUSING LH RL NISSAN P71A T1,MX_INY05,27.5,INJECTION
23003660040L,BEZEL RH RL NISSAN P71A T1,MX_INY05,26,INJECTION
23003661040L,BEZEL LH RL NISSAN P71A T1,MX_INY05,26,INJECTION
23003824010G,HOUSING RH RL N71A T1,MX_INY05,31.75,INJECTION
23003825010G,HOUSING LH RL N71A T1,MX_INY05,31.75,INJECTION
23003671030C,BEZEL LH VW416 LOW T1 SAE,MX_INY05,30,INJECTION
23003672030C,BEZEL RH VW416 LOW T1 SAE,MX_INY05,30,INJECTION
23003671032C,BEZEL LH VW416 LOW T1 ECE,MX_INY05,30,INJECTION
23003672032C,BEZEL RH VW416 LOW T1 ECE,MX_INY05,30,INJECTION
23003755010F,HOUSING LH TAIL LIGHT VW411 T1,MX_INY05,30,INJECTION
23003756010F,HOUSING RH TAIL LIGHT VW411 T1,MX_INY05,30,INJECTION
23003660010H,[Obsoleto] HOUSING RH RL NISSAN P71A T1,MX_INY05,27.5,INJECTION
23003661010H,[Obsoleto] HOUSING LH RL NISSAN P71A T1,MX_INY05,27.5,INJECTION
23003824010F,[Obsoleto] HOUSING RH RL N71A T1,MX_INY05,31.75,INJECTION
23003825010F,[Obsoleto] HOUSING LH RL N71A T1,MX_INY05,31.75,INJECTION
23003837010F,HOUSING LH R.L. AU426PA â€“ ECE,MX_INY06,24.9,INJECTION
23003838010F,HOUSING RH R.L. AU426PA â€“ ECE,MX_INY06,24.9,INJECTION
23003837011F,HOUSING LH R.L. AU426PA - SAE,MX_INY06,24.9,INJECTION
23003838011F,HOUSING RH R.L. AU426PA - SAE,MX_INY06,24.9,INJECTION
23003667010B,HOUSING LH TAILLIGHT VW416 T,MX_INY06,38.6,INJECTION
23003668010B,HOUSING RH TAILLIGHT VW416 T,MX_INY06,38.6,INJECTION
23003667030C,BEZEL LH VW416 HIGH T1 SAE,MX_INY06,30,INJECTION
23003668030C,BEZEL RH  VW416 HIGH T1 SAE,MX_INY06,30,INJECTION
23003784010D,[Obsoleto] HOUSING RH VW416 FL T1,MX_INY06,30,INJECTION
23003784010F,[Obsoleto] HOUSING RH VW416 FL T1,MX_INY06,30,INJECTION
23003784010G,[Obsoleto] HOUSING RH TL VW416 FL T1,MX_INY06,30,INJECTION
23003785010E,[Obsoleto] HOUSING LH VW416 FL T1,MX_INY06,30,INJECTION
23003785010F,[Obsoleto] HOUSING LH VW416 FL T1,MX_INY06,30,INJECTION
23003785010G,[Obsoleto] HOUSING LH TL VW416 FL T1,MX_INY06,30,INJECTION
23003824010A,[Obsoleto] HOUSING RH RL N71A T1,MX_INY06,36,INJECTION
23003824010B,[Obsoleto] HOUSING RH RL N71A T1,MX_INY06,36,INJECTION
23003824010C,[Obsoleto] HOUSING RH RL N71A T1,MX_INY06,36,INJECTION
23003824010D,[Obsoleto] HOUSING RH RL N71A T1,MX_INY06,36,INJECTION
23003824010E,[Obsoleto] HOUSING RH RL N71A T1,MX_INY06,36,INJECTION
23003825010A,[Obsoleto] HOUSING LH RL N71A T1,MX_INY06,36,INJECTION
23003825010B,[Obsoleto] HOUSING LH RL N71A T1,MX_INY06,36,INJECTION
23003825010C,[Obsoleto] HOUSING LH RL N71A T1,MX_INY06,36,INJECTION
23003825010D,[Obsoleto] HOUSING LH RL N71A T1,MX_INY06,36,INJECTION
23003825010E,[Obsoleto] HOUSING LH RL N71A T1,MX_INY06,36,INJECTION
2.30004E+11,[Obsoleto] HOUSING RH VW416 FL T1 W/adj,MX_INY06,40,INJECTION
2.30004E+11,[Obsoleto] HOUSING LH VW416 FL T1 W/adj,MX_INY06,40,INJECTION
23003784040C,INNER FILTER RH TAIL LIGHT VW416 FL T1,MX_INY07,24,INJECTION
23003785040C,INNER FILTER LH TAIL LIGHT VW416 FL T1,MX_INY07,24,INJECTION
23003788040D,INNER FILTER RH TAIL LIGHT VW416COUPE T1,MX_INY07,24,INJECTION
23003789040D,INNER FILTER LH TAIL LIGHT VW416COUPE T1,MX_INY07,24,INJECTION
23003908080A,LIGHT GUIDE RH APPLIQUE VW316,MX_INY07,28.75,INJECTION
23003908090A,LIGHT GUIDE LH APPLIQUE VW316,MX_INY07,28.75,INJECTION
23003660050C,INNER LENS RH RL NISSAN P71A T1,MX_INY07,22.5,INJECTION
23003661050C,INNER LENS LH RL NISSAN P71A T1,MX_INY07,22.5,INJECTION
23029127ABRP,LIGHT PIPE LH - MAGNA,MX_INY07,30.05,INJECTION
23029128ABRP,LIGHT PIPE RH - MAGNA,MX_INY07,30.05,INJECTION
23003784040B,[Obsoleto] INNER FILTER RH VW416 FL T1,MX_INY07,25,INJECTION
23003785040B,[Obsoleto] INNER FILTER LH VW416 FL T1,MX_INY07,25,INJECTION
2.30004E+11,[Obsoleto] LIGHT GUIDE RH APPLIQUE VW316,MX_INY07,29,INJECTION
2.30004E+11,[Obsoleto] LIGHT GUIDE LH APPLIQUE VW316,MX_INY07,29,INJECTION
2300029127AB,[Obsoleto] LIGHT PIPE LH - MAGNA,MX_INY07,30,INJECTION
2300029128AB,[Obsoleto] LIGHT PIPE RH - MAGNA,MX_INY07,30,INJECTION
23003786040A,[Obsoleto] INNER FILTER RH VW416 FL T2,MX_INY07,25,INJECTION
23003787040A,[Obsoleto] INNER FILTER LH VW416 FL T2,MX_INY07,25,INJECTION
23003790040A,[Obsoleto] INNER FILTER RH 416 COUPE T2,MX_INY07,30,INJECTION
23003791040A,[Obsoleto] INNER FILTER LH 416 COUPE T2,MX_INY07,30,INJECTION
23003784060D,MAIN REFLECTOR RH TL VW416 FL T1,MX_INY08,21.15,INJECTION
23003785060D,MAIN REFLECTOR LH TL VW416 FL T1,MX_INY08,21.15,INJECTION
23003788060D,MAIN REFLECTOR RH TL VW416 COUPE T1,MX_INY08,24.25,INJECTION
23003789060D,MAIN REFLECTOR LH TL VW416 COUPE T1,MX_INY08,24.25,INJECTION
2.30005E+11,MOLDURA LUZ PLACA DUCATO,MX_INY08,32.7,INJECTION
23003790030A,BEZEL RH TAIL LIGHT VW416 COUPE T2,MX_INY08,25.1,INJECTION
23003791030A,BEZEL LH TAIL LIGHT VW416 COUPE T2,MX_INY08,25.1,INJECTION
23003755030C,BEZEL LH TAIL LIGHT VW411 T1,MX_INY08,30,INJECTION
23003756030C,BEZEL RH TAIL LIGHT VW411 T1,MX_INY08,30,INJECTION
23003755060D,REFLECTOR LH TAIL LIGHT VW411 T1,MX_INY08,30,INJECTION
23003756060D,REFLECTOR RH TAIL LIGHT VW411 T1,MX_INY08,30,INJECTION
23003757010F,HOUSING LH TAIL LIGHT VW411 T2,MX_INY08,30,INJECTION
23003758010F,HOUSING RH TAIL LIGHT VW411 T2,MX_INY08,30,INJECTION
23003757030C,BEZEL LH TAIL LIGHT VW411 T2,MX_INY08,30,INJECTION
23003758030C,BEZEL RH TAIL LIGHT VW411 T2,MX_INY08,30,INJECTION
23003790010D,[Obsoleto] HOUSING RH VW416 COUPE T2,MX_INY08,30,INJECTION
23003791010D,[Obsoleto] HOUSING LH VW416 COUPE T2,MX_INY08,30,INJECTION
23003786030B,BEZEL RH TAIL LIGHT VW416 FL T2,MX_INY09,12.625,INJECTION
23003787030B,BEZEL LH TAIL LIGHT VW416 FL T2,MX_INY09,12.625,INJECTION
23003667080C,REFLECTOR L SHAPE LH  VW416 HIGH T1,MX_INY09,12.25,INJECTION
23003668080C,REFLECTOR SHAPE RH  VW416 HIGH T1,MX_INY09,12.25,INJECTION
23003669030C,BEZEL LH  W416 HIGH T2 SAE,MX_INY09,10.75,INJECTION
23003670030C,BEZEL RH VW416 HIGH T2 SAE,MX_INY09,10.75,INJECTION
23003670050A,WATER BEZEL RH VW416 HIGH T2 SAE,MX_INY09,9.75,INJECTION
23003673050A,WATER BEZEL LH VW416 HIGH / LOW T2 SAE,MX_INY09,9.75,INJECTION
23003673051A,WATER BEZEL LH VW416 LOW T2 ECE,MX_INY09,9.75,INJECTION
23003674051A,WATER BEZEL RH VW416 LOW T2 SAE / ECE,MX_INY09,9.75,INJECTION
23003669060B,REFLECTOR LH VW416 HIGH T2,MX_INY09,12.75,INJECTION
23003670060B,REFLECTOR RH VW416 HIGH T2,MX_INY09,12.75,INJECTION
23003673030B,BEZEL LH VW416 LOW T2 SAE/ECE,MX_INY09,10.5,INJECTION
23003674030B,BEZEL RH VW416 LOW T2 SAE/ECE,MX_INY09,10.5,INJECTION
23003673040D,REFLECTOR LH VW416 LOW T2 SAE/ECE,MX_INY09,13.75,INJECTION
23003674040D,REFLECTOR RH VW416 LOW T2 SAE/ECE,MX_INY09,13.75,INJECTION
23003631040D,BEZEL LH T2 VW372 MEXICO,MX_INY09,13.5,INJECTION
23003632040D,BEZEL RH T2 VW372 MEXICO,MX_INY09,13.5,INJECTION
2300800407AB,LIGHT PIPE LH T2 PA1 COUPE,MX_INY10,27.8,INJECTION
2300800408AB,LIGHT PIPE RH T2 PA1 COUPE,MX_INY10,27.8,INJECTION
2300800409AB,LIGHT PIPE LH T2 PA2 SUV,MX_INY10,30.25,INJECTION
2300800410AB,LIGHT PIPE RH T2 PA2 SUV,MX_INY10,30.25,INJECTION
23003660070B,LIGHT GUIDE LOW RH RL NISSAN P71A T1,MX_INY10,24.25,INJECTION
23003661070B,LIGHT GUIDE LOW LH RL NISSAN P71A T1,MX_INY10,24.25,INJECTION
23003662060B,LIGHT GUIDE RH RL NISSAN P71A T2,MX_INY10,24.5,INJECTION
23003663060B,LIGHT GUIDE LH RL NISSAN P71A T2,MX_INY10,24.5,INJECTION
23003786040B,INNER FILTER RH TAIL LIGHT VW416 FL T2,MX_INY10,18.5,INJECTION
23003787040B,INNER FILTER LH TAIL LIGHT VW416 FL T2,MX_INY10,18.5,INJECTION
23003671040B,INNER FILTER LH VW416 LOW T1 SAE/ECE,MX_INY10,20,INJECTION
23003672040B,INNER FILTER RH VW416 LOW T1 SAE/ECE,MX_INY10,20,INJECTION
23003671060A,REFLEX REFLETOR LH VW416 T1,MX_INY10,23,INJECTION
23003672060A,REFLEX REFLETOR RH VW416 T1,MX_INY10,23,INJECTION
23003673070B,INNER FILTER LH VW416 LOW T2 SAE/ECE,MX_INY10,18.5,INJECTION
23003674070B,INNER FILTER RH VW416 LOW T2 SAE/ECE,MX_INY10,18.5,INJECTION
23003757040B,INTERNAL LENS LH TAIL LIGHT VW411 T2,MX_INY10,28,INJECTION
23003758040B,INTERNAL LENS RH TAIL LIGHT VW411 T2,MX_INY10,28,INJECTION
2300800407AA,[Obsoleto] LIGHT PIPE LH T2 PA1 COUPE,MX_INY10,30,INJECTION
2300800408AA,[Obsoleto] LIGHT PIPE RH T2 PA1 COUPE,MX_INY10,30,INJECTION
2300800409AA,[Obsoleto] LIGHT PIPE LH T2 PA2 SUV,MX_INY10,30,INJECTION
2300800410AA,[Obsoleto] LIGHT PIPE RH T2 PA2 SUV,MX_INY10,30,INJECTION
23003824060A,[Obsoleto] TAIL FILTER  RH RL N71A T1,MX_INY10,32.5,INJECTION
23003825060A,[Obsoleto] TAIL FILTER  LH RL N71A T1,MX_INY10,32.5,INJECTION
2.30005E+11,LENS LUZ DE PLACA DUCATO,MX_INY11,6.563,INJECTION
23003629170C,SIDE REFLEX LH T1 FP VW372 MEXICO,MX_INY11,3.75,INJECTION
23003630170C,SIDE REFLEX RH T1 FP VW372 MEXICO,MX_INY11,3.75,INJECTION
23003631070E,INNER LENS RN LH T2 VW372 MEXICO,MX_INY11,3.35,INJECTION
23003632070E,INNER LENS RN RH T2 VW372 MEXICO,MX_INY11,3.35,INJECTION
2.30011E+11,Lente Catadiottro Post. Chrysler 500 RH,MX_INY11,7.5,INJECTION
2.30011E+11,Lente Catadiottro Post. Chrysler 500 LH,MX_INY11,7.5,INJECTION
2.30011E+11,LENS REAR REFLEX HONDA CIVIC LH,MX_INY11,4.75,INJECTION
2.30011E+11,LENS REAR REFLEX HONDA CIVIC RH,MX_INY11,4.75,INJECTION
2.30021E+11,LENTE S.M. ANT. CHRYSLER 500 RH,MX_INY11,9.2,INJECTION
2.30021E+11,LENTE S.M. ANT. VIPER DELANTERO ECE RH,MX_INY11,9.2,INJECTION
2.30021E+11,LENTE S.M. ANT. VIPER DELANTERO ECE LH,MX_INY11,9.2,INJECTION
2.30021E+11,LENTE S.M. POST. CHRYS.500 SPORT OR. RH,MX_INY11,8.05,INJECTION
2.30021E+11,LENTE S.M. POST. CHRYS.500 SPORT OR. LH,MX_INY11,8.05,INJECTION
2.30021E+11,LENTE FRONT S.M.  RH UF SEDAN,MX_INY11,7.5,INJECTION
2.30021E+11,LENTE FRONT S.M.  LH UF SEDAN,MX_INY11,7.5,INJECTION
2.30021E+11,LENTE REAR SIDE REFLEX  RH UF SEDAN,MX_INY11,7.5,INJECTION
2.30021E+11,LENTE REAR SIDE REFLEX  LH UF SEDAN,MX_INY11,7.5,INJECTION
23020524020F,LENTE S.M. ANT. CHRYSLER 500 RH,MX_INY11,9.2,INJECTION
23020525020F,LENTE S.M. ANT. CHRYSLER 500 LH,MX_INY11,9.2,INJECTION
23020524020M,LENTE S.M. ANT. CHRYSLER 500 RH,MX_INY11,9.2,INJECTION
23020525020M,LENTE S.M. ANT. CHRYSLER 500 LH,MX_INY11,9.2,INJECTION
23020526020F,LENTE S.M.POST. CHRY500 POP/LOU.ORAN.RH,MX_INY11,8.5,INJECTION
23020527020F,LENTE S.M.POST. CHRY500 POP/LOU.ORAN.LH,MX_INY11,8.5,INJECTION
23020526020M,LENTE S.M. POST. CHRYSLER 500 POP/LO RH,MX_INY11,8.5,INJECTION
23020527020M,LENTE S.M. POST. CHRYSLER 500 POP/LO LH,MX_INY11,8.5,INJECTION
23020526021F,LENTE S.M.POST.CHRYS500 POP/LO. RED RH,MX_INY11,7.75,INJECTION
23020527021F,LENTE S.M.POST.CHRYS500 POP/LO. RED LH,MX_INY11,7.75,INJECTION
23020526021M,LENTE S.M.POST.CHRYS500 POP/LO. RED RH,MX_INY11,7.75,INJECTION
23020527021M,LENTE S.M.POST.CHRYS500 POP/LO. RED LH,MX_INY11,7.75,INJECTION
23003660060B,LIGHT GUIDE UP RH RL NISSAN P71A T1,MX_INY12,13.125,INJECTION
23003661060B,LIGHT GUIDE UP LH RL NISSAN P71A T1,MX_INY12,13.125,INJECTION
2.30004E+11,LENS REAR ROOF LIGHT,MX_INY12,4.738,INJECTION
23005744020A,LENS FRONT ROOF LIGHT,MX_INY12,4.338,INJECTION
23003629180B,LENS IND DIR LH T1 FP VW372 MEXICO,MX_INY12,3.75,INJECTION
23003630180B,LENS IND DIR RH T1 FP VW372 MEXICO,MX_INY12,3.75,INJECTION
2.30002E+11,LENS SIDE REPEATER MAGNA XTS LH,MX_INY12,6.15,INJECTION
2.30002E+11,LENS SIDE REPEATER MAGNA XTS RH,MX_INY12,6.15,INJECTION
2.30011E+11,Lente rear reflex UF sedan RH,MX_INY12,7.5,INJECTION
2.30011E+11,Lente rear reflex UF sedan LH,MX_INY12,7.5,INJECTION
2.30021E+11,LENTE S.M. VIPER REAR  LH ROJO,MX_INY12,9.2,INJECTION
2.30021E+11,LENTE S.M. VIPER REAR  RH ROJO,MX_INY12,9.2,INJECTION
2.30021E+11,LENTE S.M. POST. CHRYS.500 SPORT RED RH,MX_INY12,8.05,INJECTION
2.30021E+11,LENTE S.M. POST. CHRYS.500 SPORT RED LH,MX_INY12,8.05,INJECTION
23003784070A,[Obsoleto] INNER FILTER SML RH 416 FL T1,MX_INY12,30,INJECTION
23003785070A,[Obsoleto] INNER FILTER SML LH 416 FL T1,MX_INY12,30,INJECTION
23003788070C,[Obsoleto] INNER FIL SML RH VW416 C T1,MX_INY12,30,INJECTION
23003789070C,[Obsoleto] INNER FIL SML RH VW416 C T1,MX_INY12,30,INJECTION
23003784070B,INNER FILTER SML RH TAIL LIGHT VW416 FL,MX_INY13,11.85,INJECTION
23003785070B,INNER FILTER SML LH TAIL LIGHT VW416 FL,MX_INY13,11.85,INJECTION
23003788070D,INNER FILTER SML RH TL VW416 COUPE T1,MX_INY13,8.85,INJECTION
23003789070D,INNER FILTER SML LH TL VW416 COUPE T1,MX_INY13,8.85,INJECTION
23003824060B,TAIL FILTER  RH RL N71A T1,MX_INY13,9.55,INJECTION
23003825060B,TAIL FILTER  LH RL N71A T1,MX_INY13,9.55,INJECTION
23003667050C,INNER FILTER LH TAIL LIGHT VW416 HIGH T1,MX_INY13,8.75,INJECTION
23003668050C,INNER FILTER RH VW416 HIGH T1,MX_INY13,8.75,INJECTION
23003667060B,INNER FILTER EYE LH TAIL L VW416 HIGH T1,MX_INY13,8.25,INJECTION
23003668060B,INNER FILTER EYE RH  VW416 HIGH T1,MX_INY13,8.25,INJECTION
23003667070D,WHITE GRID LH TAIL LIGHT VW416 HIGH T1,MX_INY13,8,INJECTION
23003668070D,WHITE GRID RH VW416 HIGH T1,MX_INY13,8,INJECTION
23003671050B,SML INNER FILTER LH VW416 H/L T1 SAE,MX_INY13,5.5,INJECTION
23003672050B,SML INNER FILTER RH VW416 H/L T1 SAE,MX_INY13,5.5,INJECTION
23003669040D,INNER FILTER LH VW416 HIGH T2,MX_INY13,8.25,INJECTION
23003670040D,INNER FILTER RH  VW416 HIGH T2,MX_INY13,8.25,INJECTION
23003669080B,WHITE GRID LH VW416 HIGH T2,MX_INY13,8,INJECTION
23003670080B,WHITE GRID RH  VW416 HIGH T2,MX_INY13,8,INJECTION
23003669090B,INNER FILTER EYE LH VW416 HIGH T2,MX_INY13,8.4,INJECTION
23003670090B,INNER FILTER EYE RH VW416 HIGH T2,MX_INY13,8.4,INJECTION
23003629050D,EYE BEZEL LH T1 FP VW372 (BLACK),MX_INY13,5.75,INJECTION
23003630050D,EYE BEZEL RH T1 VW372 MEXICO (BLACK),MX_INY13,5.75,INJECTION
23003629052D,EYE BEZEL LH T1 ECE FP VW372 (RED),MX_INY13,5.75,INJECTION
23003630052D,EYE BEZEL RH T1 ECE VW372 MEXICO (RED),MX_INY13,5.75,INJECTION
23003631030C,REFLECTOR LH T2 VW372 MEXICO -FAKE LAMP-,MX_INY13,4.15,INJECTION
23003631032C,REFLECTOR FOG LH T2 VW372 MEXICO,MX_INY13,4.15,INJECTION
23003632030C,REFLECTOR RH T2 VW372 MEXICO -FAKE LAMP-,MX_INY13,4.15,INJECTION
23003631050C,EYE BEZEL LH T2 ECE VW372 MEXICO (RED),MX_INY13,5.75,INJECTION
23003632050C,EYE BEZEL RH T2 ECE VW372 MEXICO (RED),MX_INY13,5.75,INJECTION
23003631052C,EYE BEZEL LH T2 VW372 MEXICO (BLACK),MX_INY13,5.75,INJECTION
23003632052C,EYE BEZEL RH T2 VW372 MEXICO (BLACK),MX_INY13,5.75,INJECTION
2300019045AA,ADAPTOR UNLIT LOGO T2 PA1/PA2,MX_INY14,10.5,INJECTION
2.30004E+11,LOGO HOUSING APPLIQUE VW316,MX_INY14,10.8,INJECTION
2.30004E+11,HOUSING REAR ROOF LIGHT,MX_INY14,3.038,INJECTION
2300300793AA,HOUSING FRONT ROOF LIGHT H3,MX_INY14,5.6,INJECTION
23005744010A,HOUSING FRONT ROOF LIGHT,MX_INY14,3.575,INJECTION
2.30004E+11,600225AA - BRACKET VF PROMASTER REARV,MX_INY14,8.45,INJECTION
2303545100AB,600225AB - BRACKET VF PROMASTER REARV,MX_INY14,8.45,INJECTION
2300600229AA,600229AA Bracket 2 VF Promaster,MX_INY14,8.45,INJECTION
2300600229AB,600229AB Bracket 2 VF Promaster,MX_INY14,8.45,INJECTION
2.30004E+11,WATER BEZEL RH TL VW416 FL T2,MX_INY14,9.25,INJECTION
2.30004E+11,WATER BEZEL LH TL VW416 FL T2 ECE,MX_INY14,9.25,INJECTION
2.30004E+11,WATER BEZEL LH TL VW416 FL T2 SAE,MX_INY14,9.25,INJECTION
23003755090B,LIGHT PROTECTION LH TAIL LIGHT VW411 T1,MX_INY14,12,INJECTION
23003756090B,LIGHT PROTECTION RH TAIL LIGHT VW411 T1,MX_INY14,12,INJECTION
2.30006E+11,HOUSING  LH TRIM BEZEL  VW 411,MX_INY14,11.1,INJECTION
2.30006E+11,HOUSING  RH TRIM BEZEL  VW 411,MX_INY14,11.1,INJECTION
2.30002E+11,HOUSING SIDE REPEATER MAGNA XTS LH,MX_INY14,4.15,INJECTION
2.30002E+11,HOUSING SIDE REPEATER MAGNA XTS RH,MX_INY14,4.15,INJECTION
2.30011E+11,Cuerpo Catadiottro Post. Chrysler 500 RH,MX_INY14,7.5,INJECTION
2.30011E+11,Cuerpo Catadiottro Post. Chrysler 500 LH,MX_INY14,7.5,INJECTION
2.30011E+11,Cuerpo rear reflex UF sedan RH,MX_INY14,7.5,INJECTION
2.30011E+11,Cuerpo rear reflex UF sedan LH,MX_INY14,7.5,INJECTION
2.30011E+11,HOUSING REAR REFLEX HONDA CIVIC LH,MX_INY14,3.9,INJECTION
2.30011E+11,HOUSING REAR REFLEX HONDA CIVIC RH,MX_INY14,3.9,INJECTION
2.30021E+11,CUERPO S.M. ANT. CHRYSLER 500 RH,MX_INY14,7,INJECTION
2.30021E+11,CUERPO S.M. ANT. CHRYSLER 500 LH,MX_INY14,7,INJECTION
2.30021E+11,CUERPO S.M. VIPER REAR  LH ROJO,MX_INY14,7,INJECTION
2.30021E+11,CUERPO S.M. VIPER REAR  RH ROJO,MX_INY14,7,INJECTION
2.30021E+11,CUERPO S.M.POST.CHRYS500 POP/LO. ORA. RH,MX_INY14,7.5,INJECTION
2.30021E+11,CUERPO S.M.POST.CHRYS500 POP/LO. OR. LH,MX_INY14,7.5,INJECTION
2.30021E+11,CUERPO S.M.POST.CHRYS500 POP/LO. RED RH,MX_INY14,7.5,INJECTION
2.30021E+11,CUERPO S.M.POST.CHRYS500 POP/LO. RED LH,MX_INY14,7.5,INJECTION
2.30021E+11,CUERPO S.M. POST. CHRYS.500 SPORT OR. RH,MX_INY14,6.5,INJECTION
2.30021E+11,CUERPO S.M. POST. CHRYS.500 SPORT OR. LH,MX_INY14,6.5,INJECTION
2.30021E+11,CUERPO S.M. POST. CHRYS.500 SPORT RED RH,MX_INY14,6.5,INJECTION
2.30021E+11,CUERPO S.M. POST. CHRYS.500 SPORT RED LH,MX_INY14,6.5,INJECTION
2.30021E+11,CUERPO FRONT S.M.  RH UF SEDAN,MX_INY14,7.5,INJECTION
2.30021E+11,CUERPO FRONT S.M.  LH UF SEDAN,MX_INY14,7.5,INJECTION
2.30021E+11,CUERPO REAR SIDE REFLEX  RH UF SEDAN,MX_INY14,7.5,INJECTION
2.30021E+11,CUERPO REAR SIDE REFLEX  LH UF SEDAN,MX_INY14,7.5,INJECTION
2300034065AD,CENTER CAP T2 PA1 COUPE,MX_INY15,9.25,INJECTION
2300034067AD,CENTER CAP T2 PA2 SUV,MX_INY15,9.325,INJECTION
2300600523AA,BRACKET LH DJ PREMIUM,MX_INY15,25,INJECTION
2300600524AA,BRACKET RH DJ PREMIUM,MX_INY15,25,INJECTION
23003662050B,INNER LENS RH RL NISSAN P71A T2,MX_INY15,12.4,INJECTION
23003663050B,INNER LENS LH RL NISSAN P71A T2,MX_INY15,12.4,INJECTION
23003824070A,DIVIDER  RH RL N71A T1,MX_INY15,10.95,INJECTION
23003825070A,DIVIDER  LH RL N71A T1,MX_INY15,10.95,INJECTION
2.30021E+11,HOUSING FRONT SIDE MARKER CIVIC LH,MX_INY15,5.9,INJECTION
2.30021E+11,HOUSING FRONT SIDE MARKER CIVIC RH,MX_INY15,5.9,INJECTION
2300034065AA,[Obsoleto] CENTER CAP T2 PA1 COUPE,MX_INY15,13.75,INJECTION
2300034065AB,[Obsoleto] CENTER CAP T2 PA1 COUPE,MX_INY15,13.75,INJECTION
2300034065AC,[Obsoleto] CENTER CAP T2 PA1 COUPE,MX_INY15,9.25,INJECTION
2300034067AA,[Obsoleto] CENTER CAP T2 PA2 SUV,MX_INY15,13.75,INJECTION
2300034067AB,[Obsoleto] CENTER CAP T2 PA2 SUV,MX_INY15,13.75,INJECTION
2300034067AC,[Obsoleto] CENTER CAP T2 PA2 SUV,MX_INY15,9.325,INJECTION
2300200401AB,200401AB Cover Ver. Base 1 Camera,MX_INY16,32.7,INJECTION
2300200403AB,200403AB Cover Ver.Gentex 2 Camera,MX_INY16,32.9,INJECTION
2.30004E+11,COVER ADAPTADOR VER NAFTA W/CAMERA,MX_INY16,26.4,INJECTION
2.30004E+11,200373AB - COVER ADAPTOR,MX_INY16,30,INJECTION
2.30004E+11,300747AB - HOUSING ADAPTOR,MX_INY16,31.6,INJECTION
2303545910AC,300747AC - HOUSING ADAPTOR,MX_INY16,31.6,INJECTION
23003629060C,INNER LENS LH T1 VW372 MEXICO,MX_INY16,8.3,INJECTION
23003630060C,INNER LENS RH T1 VW372 MEXICO,MX_INY16,8.3,INJECTION
23003631060C,INNER LENS POST LH T2 VW372 MEXICO,MX_INY16,8.3,INJECTION
23003632060C,INNER LENS POST RH T2 VW372 MEXICO,MX_INY16,8.3,INJECTION
23003631080C,WATER BEZEL LH T2 ECE/SAE VW372 MEXICO,MX_INY16,10,INJECTION
23003632080C,WATER BEZEL RH T2 ECE/SAE VW372 MEXICO,MX_INY16,10,INJECTION
2.30011E+11,HOUSING REAR REFLEX HONDA SCUV LH,MX_INY16,19,INJECTION
2.30011E+11,HOUSING REAR REFLEX HONDA SCUV RH,MX_INY16,19,INJECTION
2300200401AA,[Obsoleto] 200401AA Cover VerBase 1 Cam,MX_INY16,30,INJECTION
2300200403AA,[Obsoleto] 200403AA Cover Ver 2 Cam,MX_INY16,30,INJECTION
23003906090A,GREYZONE COVER  RH T1 VW316,MX_INY17,20.7,INJECTION
23003907090A,GREYZONE COVER  LH T1 VW316,MX_INY17,20.7,INJECTION
23003662010H,HOUSING RH RL NISSAN P71A T2,MX_INY17,26.05,INJECTION
23003663010H,HOUSING LH RL NISSAN P71A T2,MX_INY17,26.05,INJECTION
23003826010C,HOUSING RH RL N71A T2,MX_INY17,29.2,INJECTION
23003827010C,HOUSING LH RL N71A T2,MX_INY17,29.2,INJECTION
23003786010B,HOUSING RH TAIL LIGHT VW416 FL T2,MX_INY17,29.35,INJECTION
23003787010B,HOUSING LH TAIL LIGHT VW416 FL T2,MX_INY17,29.35,INJECTION
23003790010E,HOUSING RH TAIL LIGHT VW416 COUPE T2,MX_INY17,26.1,INJECTION
23003791010E,HOUSING LH TAIL LIGHT VW416 COUPE T2,MX_INY17,26.1,INJECTION
23003669010C,HOUSING LH TAIL LIGHT VW416 T2,MX_INY17,29.5,INJECTION
23003670010C,HOUSING RH TAIL LIGHT VW416 T2,MX_INY17,29.5,INJECTION
23003629010E,HOUSING  LH T1 FP VW372 MEXICO,MX_INY17,28.3,INJECTION
23003630010E,HOUSING RH T1 FP VW372 MEXICO,MX_INY17,28.3,INJECTION
23003629030C,REFLECTOR LH T1 FP VW372 MEXICO,MX_INY17,21,INJECTION
23003630030C,REFLECTOR RH T1 FP VW372 MEXICO,MX_INY17,21,INJECTION
23003629040D,BEZEL ECE LH T1 FP VW372 MEXICO,MX_INY17,25.7,INJECTION
23003630040D,BEZEL RH T1 ECE FP VW372 MEXICO,MX_INY17,25.7,INJECTION
23003629043D,BEZEL LH T1 SAE FP VW372 MEXICO,MX_INY17,11.5,INJECTION
23003630043D,BEZEL RH T1 SAE FP VW372 MEXICO,MX_INY17,25.7,INJECTION
23003629070C,WATER BEZEL LH T1 ECE FP VW372 MEXICO,MX_INY17,13.9,INJECTION
23003630070C,WATER BEZEL RH T1 ECE FP VW372 MEXICO,MX_INY17,13.9,INJECTION
23003629071C,WATER BEZEL LH T1 SAE FP VW372 MEXICO,MX_INY17,13.9,INJECTION
23003630071C,WATER BEZEL RH T1 SAE FP VW372 MEXICO,MX_INY17,13.9,INJECTION
23003631010I,HOUSING LH T2 VW372 MEXICO,MX_INY17,24,INJECTION
23003632010I,HOUSING RH T2 VW372 MEXICO,MX_INY17,24,INJECTION
230F03906090,11K 945 428 GREYZONE COVER RH VW316,MX_INY17,20.7,INJECTION
230F03907090,11K 945 427 GREYZONE COVER LH VW316,MX_INY17,20.7,INJECTION
230F03906091,11K 945 428 GREYZONE COVER RH VW316 REF,MX_INY17,21,INJECTION
230F03907091,11K 945 427 GREYZONE COVER LH VW316 REF,MX_INY17,21,INJECTION
2.30004E+11,[Obsoleto] GREYZONE COVER  RH T1 VW316,MX_INY17,26.5,INJECTION
2.30004E+11,[Obsoleto] GREYZONE COVER  LH T1 VW316,MX_INY17,26.5,INJECTION
23003662010G,[Obsoleto] HOUSING RH RL NISSAN P71A T2,MX_INY17,26.05,INJECTION
23003663010G,[Obsoleto] HOUSING LH RL NISSAN P71A T2,MX_INY17,26.05,INJECTION
23003826010B,[Obsoleto] HOUSING RH RL N71A T2,MX_INY17,29.2,INJECTION
23003827010B,[Obsoleto] HOUSING LH RL N71A T2,MX_INY17,29.2,INJECTION
2300800401AA,[PMMA] LIT EMBLEM LENS T2 PA1/PA2,MX_INY18,35,INJECTION
2300800401AC,"[PC, PC+ABS] LIT EMBLEM LENS T2 PA1/PA2",MX_INY18,35,INJECTION
2.30004E+11,EXTERNAL LENS RH RL NISSAN P71A T2,MX_INY18,27,INJECTION
2.30004E+11,EXTERNAL LENS LH RL NISSAN P71A T2,MX_INY18,27,INJECTION
23003826020C,[PMMA] EXTERNAL LENS RH RL N71A T2,MX_INY18,28.35,INJECTION
23003827020C,[PMMA] EXTERNAL LENS LH RL N71A T2,MX_INY18,28.35,INJECTION
23003826050B,BEZEL RH RL N71A T2,MX_INY18,25.25,INJECTION
23003827050B,BEZEL LH RL N71A T2,MX_INY18,25.25,INJECTION
2.30004E+11,OUTER LENS RH TAIL LIGHT VW416 FL T2,MX_INY18,32.25,INJECTION
2.30004E+11,OUTER LENS LH TAIL LIGHT VW416 FL T2,MX_INY18,32.25,INJECTION
2.30004E+11,OUTER LENS RH TAIL LIGHT VW416 COUPE T2,MX_INY18,27.4,INJECTION
2.30004E+11,OUTER LENS LH TAIL LIGHT VW416 COUPE T2,MX_INY18,27.4,INJECTION
2.30004E+11,OUTER LENS LH TAIL LIGHT VW416 T2,MX_INY18,27.84,INJECTION
2.30004E+11,OUTER LENS RH TAIL LIGHT VW416 T2,MX_INY18,27.84,INJECTION
23003755040D,INTERNAL LENS LH TAIL LIGHT VW411 T1,MX_INY18,35,INJECTION
23003756040D,INTERNAL LENS RH TAIL LIGHT  VW 411 T1,MX_INY18,35,INJECTION
2.30004E+11,OUTER LENS LH TAIL LIGHT VW411 T2,MX_INY18,35,INJECTION
2.30004E+11,OUTER LENS RH TAIL LIGHT VW411 T2,MX_INY18,35,INJECTION
23003826020A,[Obsoleto] EXTERNAL LENS RH RL N71A T2,MX_INY18,30,INJECTION
23003826020B,[Obsoleto] EXTERNAL LENS RH RL N71A T2,MX_INY18,30,INJECTION
23003827020A,[Obsoleto] EXTERNAL LENS LH RL N71A T2,MX_INY18,30,INJECTION
23003827020B,[Obsoleto] EXTERNAL LENS LH RL N71A T2,MX_INY18,30,INJECTION
23003826050A,[Obsoleto] BEZEL RH RL N71A T2,MX_INY18,30.4,INJECTION
23003827050A,[Obsoleto] BEZEL LH RL N71A T2,MX_INY18,30.4,INJECTION
2.30004E+11,[Obsoleto] EXTERNAL LENS RH RL N71A T2,MX_INY18,30,INJECTION
2.30004E+11,[Obsoleto] EXTERNAL LENS LH RL N71A T2,MX_INY18,30,INJECTION
23003784020A,OUTER LENS RH TAIL LIGHT VW416 FL T1,MX_INY19,30,INJECTION
23003785020A,OUTER LENS LH TAIL LIGHT VW416 FL T1,MX_INY19,30,INJECTION
23003788020B,OUTER LENS RH TAIL LIGHT VW416 COUPE T1,MX_INY19,30,INJECTION
23003789020B,OUTER LENS LH TAIL LIGHT VW416 COUPE T1,MX_INY19,30,INJECTION
23003660020A,EXTERNAL LENS RH RL NISSAN P71A T1,MX_INY19,30,INJECTION
23003661020A,EXTERNAL LENS LH RL NISSAN P71A T1,MX_INY19,30,INJECTION
2.30004E+11,OUTER LENS LH TAIL LIGHT  VW416  T1,MX_INY19,30.825,INJECTION
2.30004E+11,OUTER LENS RH TAIL LIGHT  VW416 T1,MX_INY19,30.825,INJECTION
23003629020A,LENS BICOLOR LH T1 VW 372 MEXICO SPED,MX_INY19,32.5,INJECTION
23003630020A,LENS BICOLOR RH T1 VW372 MEXICO SPED,MX_INY19,32.5,INJECTION
23003631020B,LENS BICOLOR LH T2 VW372 MEXICO SPED,MX_INY19,33,INJECTION
23003632020B,LENS BICOLOR RH T2 VW372 MEXICO SPED,MX_INY19,33,INJECTION
23003631022B,LENS BICOLOR LH T2 VW372 MEXICO SPED HT,MX_INY19,33,INJECTION
23003632022B,LENS BICOLOR RH T2 VW372 MEXICO SPED HT,MX_INY19,33,INJECTION
2.30004E+11,OUTER LENS LH TAIL LIGHT VW411 T1,MX_INY19,30,INJECTION
2.30004E+11,OUTER LENS RH TAIL LIGHT VW411 T1,MX_INY19,30,INJECTION
23003824050A,[Obsoleto] FILTER BEZEL RH RL N71A T1,MX_INY19,30,INJECTION
23003824050B,[Obsoleto] FILTER BEZEL RH RL N71A T,MX_INY19,40,INJECTION
23003824050D,[Obsoleto] FILTER BEZEL RH RL N71A T1,MX_INY19,40,INJECTION
23003825050A,[Obsoleto] FILTER BEZEL LH RL N71A T1,MX_INY19,30,INJECTION
23003825050B,[Obsoleto] FILTER BEZEL LH RL N71A T1,MX_INY19,40,INJECTION
23003825050D,[Obsoleto] FILTER BEZEL LH RL N71A T1,MX_INY19,40,INJECTION
23003837030D,BEZEL  LH R.L. AU426PA - ECE,MX_INY20,19.25,INJECTION
23003838030D,BEZEL  RH R.L. AU426PA - ECE,MX_INY20,19.25,INJECTION
23003837034D,BEZEL  LH R.L. AU426PA - SAE,MX_INY20,19.25,INJECTION
23003838034D,BEZEL  RH R.L. AU426PA - SAE,MX_INY20,19.25,INJECTION
23003824020B,[PMMA] EXTERNAL LENS RH RL N71A T1,MX_INY21,46,INJECTION
23003825020B,[PMMA] EXTERNAL LENS LH RL N71A T1,MX_INY21,46,INJECTION
23003824050E,FILTER BEZEL RH RL N71A T1,MX_INY21,33,INJECTION
23003825050E,FILTER BEZEL LH RL N71A T1,MX_INY21,33,INJECTION
2.30004E+11,[Obsoleto] BEZEL RH T1 VW316,MX_INY21,30,INJECTION
2.30004E+11,[Obsoleto] BEZEL LH T1 VW316,MX_INY21,30,INJECTION
23003824020A,[Obsoleto] EXTERNAL LENS RH RL N71A T1,MX_INY21,45,INJECTION
23003825020A,[Obsoleto] EXTERNAL LENS LH RL N71A T1,MX_INY21,45,INJECTION
23003788013H,HOUSING RH TL VW416 COUPE T1 W/Adjusters,MX_INY22,46.4,INJECTION
23003789013H,HOUSING LH TL VW416 COUPE T1 W/Adjusters,MX_INY22,46.4,INJECTION
23003788010H,[SCRAP] HOUSING RH TL VW416 COUPE T1,MX_INY22,46.4,INJECTION
23003789010H,[SCRAP] HOUSING LH TL VW416 COUPE T1,MX_INY22,46.4,INJECTION
23003788030C,BEZEL RH TAIL LIGHT VW416 COUPE T1,MX_INY22,27.25,INJECTION
23003789030C,BEZEL LH TAIL LIGHT VW416 COUPE T1,MX_INY22,27.25,INJECTION
23003837010E,[Obsoleto] HOUSING LH R.L. AU426PA - ECE,MX_INY22,25,INJECTION
23003837011E,[Obsoleto] HOUSING LH R.L. AU426PA - SAE,MX_INY22,25,INJECTION
23003838010E,[Obsoleto] HOUSING RH R.L. AU426PA - ECE,MX_INY22,25,INJECTION
23003838011E,[Obsoleto] HOUSING RH R.L. AU426PA - SAE,MX_INY22,25,INJECTION
23003788010G,[SCRAP] HOUSING RH TL VW416 COUPE T1,MX_INY22,46.4,INJECTION
23003789010G,[SCRAP] HOUSING LH TL VW416 COUPE T1,MX_INY22,46.4,INJECTION
2.30004E+11,HOUSING RH TL VW416 COUPE T1 W/Adjusters,MX_INY22,46.4,INJECTION
2.30004E+11,HOUSING LH TL VW416 COUPE T1 W/Adjusters,MX_INY22,46.4,INJECTION
2.30004E+11,[Obsoleto] HOUSING RH T1 VW316,MX_INY22,31.5,INJECTION
2.30004E+11,[Obsoleto] HOUSING LH T1 VW316,MX_INY22,31.5,INJECTION
23003837020D,OUTERLENS LH R.L. AU426PA - ECE,MX_INY23,21,INJECTION
23003838020D,OUTERLENS RH R.L. AU426PA - ECE,MX_INY23,21,INJECTION
23003837021D,OUTERLENS LH R.L. AU426PA - SAE,MX_INY23,21,INJECTION
23003838021D,OUTERLENS RH R.L. AU426PA - SAE,MX_INY23,21,INJECTION
2300800403AD,INNER LENS LH T2 PA1 COUPE,MX_INY24,28.5,INJECTION
2300800404AD,INNER LENS RH T2 PA1 COUPE,MX_INY24,28.5,INJECTION
2300800405AE,INNER LENS LH T2 PA2 SUV,MX_INY24,30.08,INJECTION
2300800406AE,INNER LENS RH T2 PA2 SUV,MX_INY24,30.08,INJECTION
23003784060C,MAIN REFLECTOR RH TL VW416 FL T1,MX_INY24,21.15,INJECTION
23003785060C,MAIN REFLECTOR LH TL VW416 FL T1,MX_INY24,21.15,INJECTION
23003788060C,MAIN REFLECTOR RH TL VW416 COUPE T1,MX_INY24,24.25,INJECTION
23003789060C,MAIN REFLECTOR LH TL VW416 COUPE T1,MX_INY24,24.25,INJECTION
2.30004E+11,REFLECTOR RH T1 VW316,MX_INY24,27.3,INJECTION
2.30004E+11,REFLECTOR LH T1 VW316,MX_INY24,27.3,INJECTION
23003906050A,REFLECTOR RH T1 VW316,MX_INY24,27.3,INJECTION
23003907050A,REFLECTOR LH T1 VW316,MX_INY24,27.3,INJECTION
23003908050B,REFLECTOR LH APPLIQUE VW316,MX_INY24,21.25,INJECTION
23003908060B,REFLECTOR RH APPLIQUE VW316,MX_INY24,21.25,INJECTION
23003908050C,REFLECTOR LH APPLIQUE VW316,MX_INY24,21.25,INJECTION
23003908060C,REFLECTOR RH APPLIQUE VW316,MX_INY24,21.25,INJECTION
23003660030E,REFLECTOR RH RL NISSAN P71A T1,MX_INY24,30.15,INJECTION
23003661030E,REFLECTOR LH RL NISSAN P71A T1,MX_INY24,30.15,INJECTION
2300800403AA,[Obsoleto] INNER LENS LH T2 PA1 COUPE,MX_INY24,35,INJECTION
2300800403AB,[Obsoleto] INNER LENS LH T2 PA1 COUPE,MX_INY24,35,INJECTION
2300800404AA,[Obsoleto] INNER LENS RH T2 PA1 COUPE,MX_INY24,35,INJECTION
2300800404AB,[Obsoleto] INNER LENS RH T2 PA1 COUPE,MX_INY24,35,INJECTION
2300800405AA,[Obsoleto] INNER LENS LH T2 PA2 SUV,MX_INY24,35,INJECTION
2300800405AB,[Obsoleto] INNER LENS LH T2 PA2 SUV,MX_INY24,35,INJECTION
2300800406AA,[Obsoleto] INNER LENS RH T2 PA2 SUV,MX_INY24,35,INJECTION
2300800406AB,[Obsoleto] INNER LENS RH T2 PA2 SUV,MX_INY24,35,INJECTION
23003908050A,[Obsoleto] REFLECTOR LH APPLIQUE VW316,MX_INY24,26,INJECTION
23003908060A,[Obsoleto] REFLECTOR RH APPLIQUE VW316,MX_INY24,26,INJECTION
2300800549AA,INNER LENS LH DJ BASE,MX_INY25,32.5,INJECTION
2300800550AA,INNER LENS RH DJ BASE,MX_INY25,32.5,INJECTION
2300800551AA,INNER LENS LH DJ PREMIUM,MX_INY25,32.5,INJECTION
2300800552AA,INNER LENS RH DJ PREMIUM,MX_INY25,32.5,INJECTION
23003906020A,External Lens RH T1 VW316,MX_INY25,42.5,INJECTION
23003907020A,EXTERNAL LENS LH T1 VW316,MX_INY25,42.5,INJECTION
2.30004E+11,[Obsoleto] LENS APP VW316 - LOGO NO LIT,MX_INY25,70,INJECTION
2.30004E+11,[Obsoleto] LENS APP VW316 - LOGO LIT,MX_INY25,70,INJECTION
2.30004E+11,[Obsoleto] BEZEL LH APPLIQUE VW316,MX_INY25,35,INJECTION
2.30004E+11,[Obsoleto] BEZEL RH APPLIQUE VW316,MX_INY25,35,INJECTION
23003908020A,[Obsoleto] LENS APP VW316 - LOGO NO LIT,MX_INY25,85,INJECTION
23003908025A,[Obsoleto] LENS APP VW316 - LOGO LIT,MX_INY25,85,INJECTION
23003908030A,[Obsoleto] BEZEL LH APPLIQUE VW316,MX_INY25,37,INJECTION
23003908040A,[Obsoleto] BEZEL RH APPLIQUE VW316,MX_INY25,37,INJECTION
23003906030B,BEZEL RH T1 VW316,MX_INY26,32.15,INJECTION
23003907030B,BEZEL LH T1 VW316,MX_INY26,32.15,INJECTION
2.30004E+11,[Obsoleto] External Lens RH T1 VW316,MX_INY26,42.5,INJECTION
2.30004E+11,[Obsoleto] External Lens LH T1 VW316,MX_INY26,42.5,INJECTION
23003906030A,[Obsoleto] BEZEL RH T1 VW316,MX_INY26,33,INJECTION
23003907030A,[Obsoleto] BEZEL LH T1 VW316,MX_INY26,33,INJECTION
2300400791AB,OUTER LENS T2 PA1 COUPE,MX_INY27,83.67,INJECTION
2300400793AC,OUTER LENS T2 PA2 SUV,MX_INY27,75.67,INJECTION
2300400793AB,[Obsoleto] OUTER LENS T2 PA2 SUV,MX_INY27,65.8,INJECTION
23003908020B,LENS APPLIQUE VW316 - LOGO NO LIT,MX_INY28,69,INJECTION
23003908025B,LENS APPLIQUE VW316 - LOGO LIT,MX_INY28,69,INJECTION
23003908030B,BEZEL LH APPLIQUE VW316,MX_INY28,30,INJECTION
23003908040B,BEZEL RH APPLIQUE VW316,MX_INY28,30,INJECTION
2300400791AA,[Obsoleto] OUTER LENS T2 PA1 COUPE,MX_INY28,70,INJECTION
2300400793AA,[Obsoleto] OUTER LENS T2 PA2 SUV,MX_INY28,70,INJECTION
2300200405AD,BEZEL T2 PA1 COUPE,MX_INY29,78.34,INJECTION
2300200407AD,BEZEL T2 PA2 SUV,MX_INY29,60.5,INJECTION
23003784030B,BEZEL RH TAIL LIGHT VW416 FL T1,MX_INY29,28.8,INJECTION
23003785030B,BEZEL LH TAIL LIGHT VW416 FL T1,MX_INY29,28.8,INJECTION
2300200405AB,[Obsoleto] BEZEL T2 PA1 COUPE,MX_INY29,60,INJECTION
2300200405AC,[Obsoleto] BEZEL T2 PA1 COUPE,MX_INY29,60,INJECTION
2300200407AB,[Obsoleto] BEZEL T2 PA2 SUV,MX_INY29,60,INJECTION
2300200407AC,[Obsoleto] BEZEL T2 PA2 SUV,MX_INY29,60,INJECTION
2.30004E+11,[Obsoleto] REFLECTOR LH APPLIQUE VW316,MX_INY29,30,INJECTION
2.30004E+11,[Obsoleto]REFLECTOR RH APPLIQUE VW316,MX_INY29,30,INJECTION
2300500541AE,REFLECTOR T2 PA1 COUPE,MX_INY30,52.4,INJECTION
2300500543AD,REFLECTOR T2 PA2 SUV,MX_INY30,55,INJECTION
230A300843AB,HOUSING LH 416 FL T1 W/Adj NUEVA HOMOLOG,MX_INY30,28.5,MET
230A300844AB,HOUSING RH 416 FL T1 W/Adj NUEVA HOMOLOG,MX_INY30,28.5,MET
2300300843AB,HOUSING LH 416FL T1 Nueva HOMOLOGACION,MX_INY30,28.5,MET
2300300844AB,HOUSING RH 416FL T1 Nueva HOMOLOGACION,MX_INY30,28.5,MET
23003784013I,[SERVICIO] HOUSING RH VW416 FL T1 W/adj,MX_INY30,28.5,MET
23003785013I,[SERVICIO] HOUSING LH VW416 FL T1 W/adj,MX_INY30,28.5,MET
23003784010I,[SERVICIO] HOUSING RH VW416 FL T1 INY,MX_INY30,28.5,MET
23003785010I,[SERVICIO] HOUSING LH VW416 FL T1 INY,MX_INY30,28.5,MET
23003906010A,HOUSING RH T1 VW316,MX_INY30,30.15,MET
23003907010A,HOUSING LH T1 VW316,MX_INY30,30.15,MET
23003906010C,HOUSING RH T1 VW316,MX_INY30,30.15,MET
23003907010C,HOUSING LH T1 VW316,MX_INY30,30.15,MET
23003908600A,HOUSING ASSY T2 VW316 -NO LOGO-,MX_INY30,63,MET
23003908650A,HOUSING ASSY T2 VW316 -CON LOGO-,MX_INY30,63,MET
2.30004E+11,[SCRAP] HOUSING T2 Applique VW316 INYECT,MX_INY30,70,MET
2300200405AA,[Obsoleto] BEZEL T2 PA1 COUPE,MX_INY30,60,MET
2300200407AA,[Obsoleto] BEZEL T2 PA2 SUV,MX_INY30,60,MET
2300500541AA,[Obsoleto] REFLECTOR T2 PA1 COUPE,MX_INY30,60,MET
2300500541AB,[Obsoleto] REFLECTOR T2 PA1 COUPE,MX_INY30,60,MET
2300500541AC,[Obsoleto] REFLECTOR T2 PA1 COUPE,MX_INY30,60,MET
2300500541AD,[Obsoleto] REFLECTOR T2 PA1 COUPE,MX_INY30,60.66,MET
2300500543AA,[Obsoleto] REFLECTOR T2 PA2 SUV,MX_INY30,60,MET
2300500543AB,[Obsoleto] REFLECTOR T2 PA2 SUV,MX_INY30,60,MET
2300500543AC,[Obsoleto] REFLECTOR T2 PA2 SUV,MX_INY30,60,MET
2300300843AA,[Obsoleto] HOUSING LH 416FL T1,MX_INY30,41.5,MET
2300300844AA,[Obsoleto] HOUSING RH 416FL T1,MX_INY30,41.5,MET
23003784010H,[SCRAP] HOUSING RH TL VW416 FL T1,MX_INY30,41.5,MET
23003784013H,HOUSING RH TL VW416 FL T1 W/adjusters,MX_INY30,41.5,MET
23003785010H,[SCRAP] HOUSING LH TL VW416 FL T1,MX_INY30,41.5,MET
23003785013H,HOUSING LH TL VW416 FL T1 W/adjusters,MX_INY30,41.5,MET
2.30004E+11,[Obsoleto] HOUSING ASSY RH T1 316 + HARN,MX_INY30,30.15,MET
2.30004E+11,[Obsoleto] HOUSING ASSY LH T1 316 + HARN,MX_INY30,30.15,MET
23003906410C,HOUSING ASSY RH T1 VW316 + HARNESS,MX_INY30,30.15,MET
23003907410C,HOUSING ASSY LH T1 VW316 + HARNESS,MX_INY30,30.15,MET
2.30004E+11,[Obsoleto] HOUSING ASSY APPLIQUE VW316,MX_INY30,63,MET
230A300843AA,[Obsoleto] HOUSING LH 416FL T1 W/Adjuste,MX_INY30,41.5,MET
230A300844AA,[Obsoleto] HOUSING RH 416FL T1 W/Adjuste,MX_INY30,41.5,MET
2300300773AE,HOUSING T2 PA1 COUPE,MX_INY31,75,MET
2300300775AE,HOUSING T2 PA2 SUV,MX_INY31,78.89,MET
2300300773AA,[Obsoleto] HOUSING T2 PA1 COUPE,MX_INY31,75,MET
2300300773AB,[Obsoleto] HOUSING T2 PA1 COUPE,MX_INY31,75,MET
2300300773AC,[Obsoleto] HOUSING T2 PA1 COUPE,MX_INY31,75,MET
2300300773AD,[Obsoleto] HOUSING T2 PA1 COUPE,MX_INY31,75,MET
2300300775AA,[Obsoleto] HOUSING T2 PA2 SUV,MX_INY31,75,MET
2300300775AB,[Obsoleto] HOUSING T2 PA2 SUV,MX_INY31,75,MET
2300300775AC,[Obsoleto] HOUSING T2 PA2 SUV,MX_INY31,75,MET
2300300775AD,[Obsoleto] HOUSING T2 PA2 SUV,MX_INY31,75,MET
2300400857AA,OUTER LENS LH DJ BASE,MX_INY32,32.5,MET
2300400858AA,OUTER LENS RH DJ BASE,MX_INY32,32.5,MET
2300400859AA,OUTER LENS LH DJ PREMIUM,MX_INY32,35,MET
2300400860AA,OUTER LENS RH DJ PREMIUM,MX_INY32,35,MET
2300300845AA,HOUSING LH DJ BASE,MX_INY33,32.5,MET
2300300846AA,HOUSING RH DJ BASE,MX_INY33,32.5,MET
2300300847AA,HOUSING LH DJ PREMIUM,MX_INY33,32.5,MET
2300300848AA,HOUSING RH DJ PREMIUM,MX_INY33,32.5,MET
2300200537AA,MAIN CARRIER LH DJ PREMIUM,MX_INY33,27.5,MET
2300200538AA,MAIN CARRIER RH DJ PREMIUM,MX_INY33,27.5,MET
2300520585AA,REFLECTOR BU MTLZ LH DJ PREMIUM,MX-MET01,75,MET
2300520586AA,REFLECTOR BU MTLZ RH DJ PREMIUM,MX-MET01,75,MET
2.30002E+11,HOUSING SIDE REPEATERGOLF VW370 LH MET,MX-MET01,26.666,MET
2.30002E+11,HOUSING SIDE REPEATERGOLF VW 370 RH MET,MX-MET01,26.666,MET
23003629031C,RIFLETTORE MTLZ SX FP  VW 372 MEXICO,MX-MET01,8.67,MET
23003630031C,REFLECTOR MTLZ RH T1 FP VW372 MEXICO,MX-MET01,8.67,MET
23003629041D,BEZEL TOTAL MTLZ LH T1 FP VW372 MEXICO,MX-MET01,17.33,MET
23003630041D,BEZEL MTLZ TOTAL RH T1 FP VW372 MEXICO,MX-MET01,17.33,MET
23003629042D,BEZEL PAR DARK MTLZ LH T1 FP VW372 MEX,MX-MET01,13,MET
23003630042D,BEZEL MTLZ PARC DARK RH T1 FP VW372 MEXI,MX-MET01,13,MET
23003629044D,BEZEL MTLZ PARC T1 SAE LH FP VW372 MEX,MX-MET01,17.33,MET
23003630044D,BEZEL MTLZ PARC RH T1 SAE FPVW372 MEXICO,MX-MET01,17.33,MET
23003629051D,EYE BEZEL MTLZ LH T1 FP VW372 (BLACK),MX-MET01,2.89,MET
23003630051D,EYE BEZEL MTLZ RH T1 VW372 MEX (BLACK),MX-MET01,2.89,MET
23003629053D,EYE BEZEL MTLZ LH T1 ECE FP VW372 (RED),MX-MET01,2.89,MET
23003630053D,EYE BEZEL MTLZ RH T1 ECE VW372 (RED),MX-MET01,2.89,MET
23003631011I,HOUSING MTLZ LH T2 VW372 MEXICO,MX-MET01,11.14,MET
23003632011I,HOUSING MTLZ RH T2 VW372 MEXICO,MX-MET01,11.14,MET
23003631031C,REFLECTOR MTLZ LH T2 VW372 -FAKE LAMP-,MX-MET01,2.89,MET
23003631033C,REFLECTOR FOG MTLZ LH T2 VW372 MEXICO,MX-MET01,2.89,MET
23003632031C,REFLECTOR MTLZ RH T2 VW372  -FAKE LAMP-,MX-MET01,2.89,MET
23003631041D,BEZEL MTLZ PARC LH T2 VW372 MEXICO,MX-MET01,13,MET
23003632041D,BEZEL MTLZ PARC RH T2 VW372 MEXICO,MX-MET01,13,MET
23003631042D,BEZEL MTLZ 100% LH T2 VW372 MEXICO,MX-MET01,9.75,MET
23003632042D,BEZEL MTLZ 100% RH T2 VW372 MEXICO,MX-MET01,9.75,MET
23003631051C,EYE BEZEL MTLZ LH T2 ECE VW372 (RED),MX-MET01,2.89,MET
23003632051C,EYE BEZEL MTLZ RH T2 ECE VW372 (RED),MX-MET01,2.89,MET
23003631053C,EYE BEZEL MTLZ LH T2 VW372 (BLACK),MX-MET01,2.89,MET
23003632053C,EYE BEZEL MTLZ RH T2 VW372 (BLACK),MX-MET01,2.89,MET
2.30006E+11,HOUSING  LH TRIM BEZEL  VW 411 MET,MX-MET01,29.25,MET
2.30006E+11,HOUSING  RH TRIM BEZEL  VW 411 MET,MX-MET01,29.25,MET
2.30021E+11,HOUSING FRONT SIDE MARKER CIVIC LH MET,MX-MET01,29.25,MET
2.30021E+11,HOUSING FRONT SIDE MARKER CIVIC RH MET,MX-MET01,29.25,MET
23003837031D,BEZEL MTLZ LH R.L. AU426PA - ECE,MX-MET02,25.716,MET
23003838031D,BEZEL MTLZ RH R.L. AU426PA - ECE,MX-MET02,25.716,MET
23003837035D,BEZEL MTLZ LH R.L. AU426PA - SAE,MX-MET02,25.716,MET
23003838035D,BEZEL MTLZ RH R.L. AU426PA - SAE,MX-MET02,25.716,MET
23003660041L,BEZEL MTLZ RH RL NISSAN P71A T1,MX-MET02,42.858,MET
23003661041L,BEZEL MTLZ LH RL NISSAN P71A T1,MX-MET02,42.858,MET
23003662041E,BEZEL MTLZ RH RL NISSAN P71A T2,MX-MET02,17.145,MET
23003663041E,BEZEL MTLZ LH RL NISSAN P71A T2,MX-MET02,17.145,MET
23003837041C,REFLECTOR MTLZ LH R.L. AU426PA -,MX-MET03,21.429,MET
23003838041C,REFLECTOR MTLZ RH R.L. AU426PA -,MX-MET03,21.429,MET
2.30004E+11,STOP REFLECTOR MTLZ LH TL VW416 FL T1,MX-MET03,5.715,MET
2.30004E+11,STOP REFLECTOR MTLZ RH TL VW416 FL T1,MX-MET03,5.715,MET
23003784051A,STOP REFLECTOR MTLZ RH TL VW416 FL T1,MX-MET03,5.715,MET
23003785051A,STOP REFLECTOR MTLZ LH TL VW416 FL T1,MX-MET03,5.715,MET
23003784061C,MAIN REFLECTOR MTLZ RH TL VW416 FL T1,MX-MET03,21.429,MET
23003785061C,MAIN REFLECTOR MTLZ LH TL VW416 FL T1,MX-MET03,21.429,MET
23003784061D,MAIN REFLECTOR MTLZ RH TL VW416 FL T1,MX-MET03,21.429,MET
23003785061D,MAIN REFLECTOR MTLZ LH TL VW416 FL T1,MX-MET03,21.42,MET
23003788051A,STOP REFLECTOR MTLZ RH TL VW416 COUPE T1,MX-MET03,6.123,MET
23003789051A,STOP REFLECTOR MTLZ LH TL VW416 COUPE T1,MX-MET03,6.123,MET
23003788051B,STOP REFLECTOR MTLZ RH TL VW416 COUPE T1,MX-MET03,6.123,MET
23003789051B,STOP REFLECTOR MTLZ LH TL VW416 COUPE T1,MX-MET03,6.123,MET
23003788061C,MAIN REFLECTOR MTLZ RH TL VW416 COUPE T1,MX-MET03,21.429,MET
23003789061C,MAIN REFLECTOR MTLZ LH TL VW416 COUPE T1,MX-MET03,21.429,MET
23003788061D,MAIN REFLECTOR MTLZ RH TL VW416 COUPE T1,MX-MET03,21.429,MET
23003789061D,MAIN REFLECTOR MTLZ LH TL VW416 COUPE T1,MX-MET03,21.429,MET
23003660031E,REFLECTOR MTLZ RH RL NISSAN P71A T1,MX-MET03,32.145,MET
23003661031E,REFLECTOR MTLZ LH RL NISSAN P71A T1,MX-MET03,32.145,MET
23003662031D,REFLECTOR MTLZ RH RL NISSAN P71A T2,MX-MET03,17.145,MET
23003663031D,REFLECTOR MTLZ LH RL NISSAN P71A T2,MX-MET03,17.145,MET
23003824031A,REFLECTOR MTLZ STOP/TURN RH RL N71A T1,MX-MET03,14.286,MET
23003825031A,REFLECTOR MTLZ STOP/TURN LH RL N71A T1,MX-MET03,14.286,MET
23003826031A,REFLECTOR MTLZ RH RL N71A T2,MX-MET03,51.429,MET
23003827031A,REFLECTOR MTLZ LH RL N71A T2,MX-MET03,51.429,MET
2.30004E+11,REFLECTOR MTLZ RH TAIL LIGHT VW416 FL T2,MX-MET03,14.694,MET
2.30004E+11,REFLECTOR MTLZ LH TAIL LIGHT VW416 FL T2,MX-MET03,14.694,INJECTION
23003786051A,REFLECTOR MTLZ RH TAIL LIGHT VW416 FL T2,MX-MET03,14.694,INJECTION
23003787051A,eEFLECTOR MTLZ LH TAIL LIGHT VW416 FL T2,MX-MET03,14.694,INJECTION
23003790051B,REFLECTOR MTLZ RH TL VW416 COUPE T2,MX-MET03,16.074,INJECTION
23003791051B,REFLECTOR MTLZ LH TL VW416 COUPE T2,MX-MET03,16.074,
23003790051C,REFLECTOR MTLZ RH TL VW416 COUPE T2,MX-MET03,16.074,
23003791051C,REFLECTOR MTLZ LH TL VW416 COUPE T2,MX-MET03,16.074,
2.30004E+11,HOUSING MTLZ LH TAIL LIGHT  VW416  T1,MX-MET03,66.87,
2.30004E+11,HOUSING MTLZ RH TAIL LIGHT  VW416  T1,MX-MET03,66.87,
2.30004E+11,BEZEL MTLZ LH  VW416 HIGH T1 SAE,MX-MET03,83.58,
2.30004E+11,BEZEL MTLZ RH VW416 HIGH T1 SAE,MX-MET03,83.58,
2.30004E+11,BEZEL MTLZ LH VW416 LOW T1 SAE,MX-MET03,55.71,
2.30004E+11,BEZEL MTLZ RH VW416 LOW T1 SAE,MX-MET03,55.71,
2.30004E+11,BEZEL MTLZ LH VW416 LOW T1 ECE,MX-MET03,55.71,
2.30004E+11,BEZEL MTLZ RH VW416 LOW T1 ECE,MX-MET03,55.71,
2.30004E+11,REFLECTOR STOP EYE MTLX LH VW416 HIGH T1,MX-MET03,23.88,
2.30004E+11,REFLECTOR STOP EYE MTLZ RH VW416 HIGH T1,MX-MET03,23.88,
2.30004E+11,BEZEL MTLZ  LH  VW416 HIGH T2 SAE,MX-MET03,27.87,
2.30004E+11,BEZEL MTLZ RH VW416 HIGH T2 SAE,MX-MET03,27.87,
2.30004E+11,BEZEL MTLZ LH VW416 LOW T2 SAE/ECE,MX-MET03,27.87,
2.30004E+11,BEZEL MTLZ RH VW416 LOW T2 SAE/ECE,MX-MET03,27.87,
2.30004E+11,REFLECTOR MTLZ LH VW416 HIGH T2,MX-MET03,33.42,
2.30004E+11,REFLECTOR MTLZ RH VW416 HIGH T2,MX-MET03,33.42,
2.30004E+11,REFLECTOR MTLZ LH VW416 LOW T2 SAE/ECE,MX-MET03,13.38,
2.30004E+11,REFLECTOR MTLZ RH VW416 LOW T2 SAE/ECE,MX-MET03,13.38,
2300250405AD,BEZEL MTLZ T2 PA1 COUPE,MX-MET04,171.429,
2300520541AE,REFLECTOR MTLZ T2 PA1 COUPE,MX-MET04,160.71,
2300250407AD,BEZEL MTLZ T2 PA2 SUV,MX-MET04,171.429,
2300520543AD,REFLECTOR MTLZ T2 PA2 SUV,MX-MET04,160.71,
23003784031B,BEZEL MTLZ RH TAIL LIGHT VW416 FL T1,MX-MET04,42.858,
23003785031B,BEZEL MTLZ LH TAIL LIGHT VW416 FL T1,MX-MET04,42.858,
23003788031C,BEZEL MTLZ RH TAIL LIGHT VW416 COUPE T1,MX-MET04,42.858,
23003789031C,BEZEL MTLZ LH TAIL LIGHT VW416 COUPE T1,MX-MET04,42.858,
23003786031B,BEZEL MTLZ RH TAIL LIGHT VW416 FL T2,MX-MET04,14.694,
23003787031B,BEZEL MTLZ LH TAIL LIGHT VW416 FL T2,MX-MET04,14.694,
23003790031A,BEZEL MTLZ RH TAIL LIGHT VW416 COUPE T2,MX-MET04,16.074,
23003791031A,BEZEL MTLZ LH TAIL LIGHT VW416 COUPE T2,MX-MET04,16.074,
23003755011F,HOUSING MTLZ LH TAIL LIGHT VW411 T1,MX-MET04,41.64,
23003756011F,HOUSING MTLZ RH TAIL LIGHT VW411 T1,MX-MET04,41.64,
23003755031C,BEZEL MTLZ LH TAIL LIGHT VW411 T1,MX-MET04,41.64,
23003756031C,BEZEL MTLZ RH TAIL LIGHT VW411 T1,MX-MET04,41.64,
23003755061C,REFLECTOR MTLZ LH TAIL LIGHT VW411 T1,MX-MET04,23.43,
23003756061C,REFLECTOR MTLZ RH TAIL LIGHT VW411 T1,MX-MET04,23.43,
23003755061D,REFLECTOR MTLZ RH TAIL LIGHT VW411 T1,MX-MET04,23.43,
23003756061D,REFLECTOR MTLZ RH TAIL LIGHT VW411 T1,MX-MET04,23.43,
23003757011F,HOUSING MTLZ LH TAIL LIGHT VW411 T2,MX-MET04,23.43,
23003758011F,HOUSING MTLZ RH TAIL LIGHT VW411 T2,MX-MET04,23.43,
23003757031C,BEZEL MTLZ LH TAIL LIGHT VW411 T2,MX-MET04,23.43,
23003758031C,BEZEL MTLZ RH TAIL LIGHT VW411 T2,MX-MET04,23.43,
2300520541AA,[Obsoleto] REFLECTOR MTLZ T2 PA1 COUPE,MX-MET04,128.574,
2300520541AB,[Obsoleto] REFLECTOR MTLZ T2 PA1 COUPE,MX-MET04,160.71,
2300520541AC,[Obsoleto] REFLECTOR MTLZ T2 PA1 COUPE,MX-MET04,160.71,
2300520541AD,[Obsoleto] REFLECTOR MTLZ T2 PA1 COUPE,MX-MET04,160.71,
2300520543AA,[Obsoleto] REFLECTOR MTLZ T2 PA2 SUV,MX-MET04,128.574,
2300520543AB,[Obsoleto] REFLECTOR MTLZ T2 PA2 SUV,MX-MET04,160.71,
2300520543AC,[Obsoleto] REFLECTOR MTLZ T2 PA2 SUV,MX-MET04,160.71,
2300850401AA,[Obsoleto] LITEMBLEM LENSMTLZ T2 PA1/PA2,MX-MET04,26.79,
23003790051A,[Obsoleto] REFLECTOR MTL RH 416 COUPE T2,MX-MET04,21,
23003791051A,[Obsoleto] REFLECTOR MTLZLH 416 COUPE T2,MX-MET04,21,
2.30004E+11,REFLECTOR RH T1 VW316 MTLZ,MX-MET06,50,
2.30004E+11,REFLECTOR LH T1 VW316 MTLZ,MX-MET06,50,
23003906051A,REFLECTOR RH T1 VW316 MTLZ,MX-MET06,50,
23003907051A,REFLECTOR LH T1 VW316 MTLZ,MX-MET06,50,
23003908051B,REFLECTOR MTLZ LH APPLIQUE VW316,MX-MET06,112.5,
23003908061B,REFLECTOR MTLZ RH APPLIQUE VW316,MX-MET06,112.5,
23003908051C,REFLECTOR MTLZ LH APPLIQUE VW316,MX-MET06,112.5,
23003908061C,REFLECTOR MTLZ RH APPLIQUE VW316,MX-MET06,112.5,
2.30004E+11,[Obsoleto] REFLECTOR MTLZ LH APP VW316,MX-MET06,56.731,
2.30004E+11,[Obsoleto] REFLECTOR MTLZ RH APP VW316,MX-MET06,56.731,
23003908051A,[Obsoleto] REFLECTOR MTLZ LH T2 VW316,MX-MET06,56.731,
23003908061A,[Obsoleto] REFLECTOR MTLZ RH T2 VW316,MX-MET06,56.731,
2300320845AA,HOUSING MTLZ LH DJ BASE,MX-MET07,100,
2300320846AA,HOUSING MTLZ RH DJ BASE,MX-MET07,100,
2300250405AA,[Obsoleto] BEZEL MTLZ T2 PA1 COUPE,MX-MET07,91.2,
2300250405AB,[Obsoleto] BEZEL MTLZ T2 PA1 COUPE,MX-MET07,300,
2300250405AC,[Obsoleto] BEZEL MTLZ T2 PA1 COUPE,MX-MET07,300,
2300250407AA,[Obsoleto] BEZEL MTLZ T2 PA2 SUV,MX-MET07,91.2,
2300250407AB,[Obsoleto] BEZEL MTLZ T2 PA2 SUV,MX-MET07,300,
2300250407AC,[Obsoleto] BEZEL MTLZ T2 PA2 SUV,MX-MET07,300,
